run,flags,callerset,denom,model,n,lrt_interaction_p,lrt_df,OR_lc_main,OR_lc_lo,OR_lc_hi,p_lc_main,OR_indel_main,OR_indel_lo,OR_indel_hi
IL_T_1,strict,native,truth,snv_lcXvaf,39446,3.8755471032527123e-13,3,0.3647912287500828,0.31897140889899905,0.4171930049540337,4.43412420925347e-49,,,
IL_T_1,strict,native,truth,indel_lcXvaf,1625,0.0008113259108486201,3,0.30656846998849524,0.2215272792346651,0.42425577164033546,9.861317257707091e-13,,,
NV_T_1,strict,native,truth,snv_lcXvaf,39446,9.225313186276061e-14,3,0.3201737045422167,0.2788918155614906,0.367566186458006,8.129000239087051e-59,,,
NV_T_1,strict,native,truth,indel_lcXvaf,1625,0.025016973476144684,3,0.14460916382325392,0.10499746801683472,0.19916490041748253,2.419375457624379e-32,,,
FD_T_1,strict,native,truth,snv_lcXvaf,39446,1.6898723769926564e-06,3,0.40284943339634577,0.3532459917038773,0.4594182801762716,6.754265530464332e-42,,,
FD_T_1,strict,native,truth,indel_lcXvaf,1625,0.0014001809269371076,3,0.4156888136991061,0.2987483831326018,0.5784037658134297,1.9055599479759543e-07,,,
NS_T_1,strict,native,truth,snv_lcXvaf,39446,0.013598707413366782,3,0.6346487853570533,0.5680043867841975,0.7091126232942482,9.538823581060507e-16,,,
NS_T_1,strict,native,truth,indel_lcXvaf,1625,0.0012633533886052752,3,0.5174832746077772,0.38373371593898603,0.6978509533453838,1.5750448070807772e-05,,,
NS_380X,strict,native,truth,snv_lcXvaf,39446,0.013959445003113267,3,0.7167172251313794,0.6541452604271561,0.7852744824056198,8.925839116398182e-13,,,
NS_380X,strict,native,truth,indel_lcXvaf,1625,0.5535808482774358,3,0.37137177060478077,0.2891091402336235,0.4770412719939669,8.946694758141591e-15,,,
IL_T_1,strict,native,union,snv_lcXvaf,351516,5.896145891676056e-106,3,0.11533531684565486,0.11165088696573312,0.11914133128176761,0.0,,,
IL_T_1,strict,native,union,indel_lcXvaf,49534,1.3211313920851424e-94,3,0.19047217832481528,0.17861900781828693,0.20311192609863965,0.0,,,
NV_T_1,strict,native,union,snv_lcXvaf,415508,5.672284730452288e-288,3,0.12061110878501483,0.11692718156887924,0.12441110242430105,0.0,,,
NV_T_1,strict,native,union,indel_lcXvaf,57265,4.5337922483922567e-125,3,0.2271313681338705,0.21317945726073975,0.24199638676847612,0.0,,,
FD_T_1,strict,native,union,snv_lcXvaf,245836,1.367986128890431e-55,3,0.12182985643730711,0.11767613629612539,0.12613019416429944,0.0,,,
FD_T_1,strict,native,union,indel_lcXvaf,45805,5.952334570791718e-82,3,0.17848635489298298,0.1675673282446376,0.19011688744284405,0.0,,,
NS_T_1,strict,native,union,snv_lcXvaf,294732,2.727913430626127e-56,3,0.12559582512127093,0.12135388932693708,0.12998603815157184,0.0,,,
NS_T_1,strict,native,union,indel_lcXvaf,52480,5.963232310259362e-121,3,0.2002377921069421,0.18814810311290978,0.21310431901511862,0.0,,,
NS_380X,strict,native,union,snv_lcXvaf,437682,7.8792557436423e-108,3,0.161252326416496,0.1553371385884744,0.16739276267743403,0.0,,,
NS_380X,strict,native,union,indel_lcXvaf,56214,8.994450351277298e-205,3,0.3084447533751149,0.2905461589257813,0.32744595983090613,0.0,,,
IL_T_1,strict,native,union_hc,snv_lcXvaf,114928,0.01398399028503458,3,0.025735053241926875,0.02414081130783758,0.027434577774517056,0.0,,,
IL_T_1,strict,native,union_hc,indel_lcXvaf,20225,1.3600108526793725e-57,3,0.06014024736444215,0.05151418534763929,0.07021074542183435,2.2495030854907955e-277,,,
NV_T_1,strict,native,union_hc,snv_lcXvaf,134901,0.038364743765290456,3,0.020075201879241115,0.018857636700882363,0.021371380565064588,0.0,,,
NV_T_1,strict,native,union_hc,indel_lcXvaf,23816,3.720608033918567e-43,3,0.04991296390049378,0.04264230856566186,0.058423290134393485,8.734103313190558e-305,,,
FD_T_1,strict,native,union_hc,snv_lcXvaf,73597,1.1363078492818505e-15,3,0.020502777009228125,0.019162940714695702,0.02193629210404874,0.0,,,
FD_T_1,strict,native,union_hc,indel_lcXvaf,15949,7.906343577096967e-15,3,0.037000007057734534,0.03157690277243923,0.04335449021514829,0.0,,,
NS_T_1,strict,native,union_hc,snv_lcXvaf,96079,0.22630569696396238,3,0.03883396512782208,0.036494206419024636,0.04132373314912617,0.0,,,
NS_T_1,strict,native,union_hc,indel_lcXvaf,20263,3.967722123792873e-40,3,0.047469658938702725,0.040853931237402163,0.05515671201046569,0.0,,,
NS_380X,strict,native,union_hc,snv_lcXvaf,108080,2.1578106888994237e-05,3,0.062445189334405515,0.058495103985992586,0.06666201793475768,0.0,,,
NS_380X,strict,native,union_hc,indel_lcXvaf,17145,4.695391956371331e-36,3,0.051785508129841853,0.044089175944523926,0.06082533399218592,7.951434484717756e-285,,,
IL_T_1,strict,shared3,truth,snv_lcXvaf,39446,8.943297879574005e-14,3,0.3407986922534287,0.2971293370178692,0.390886170336867,2.0246340411926515e-53,,,
IL_T_1,strict,shared3,truth,indel_lcXvaf,1625,0.0008113259108486201,3,0.30656846998849524,0.2215272792346651,0.42425577164033546,9.861317257707091e-13,,,
IL_T_1,strict,shared3,truth,pooled_indelXvaf,41071,2.07308054176503e-06,3,0.3182020973840471,0.28082977194943565,0.360547865266356,,0.7078816598716363,0.6069838191952212,0.8255515691456313
NV_T_1,strict,shared3,truth,snv_lcXvaf,39446,2.6950440914187767e-11,3,0.3003384629738909,0.2616142955926755,0.3447945844747052,2.1355534928118838e-65,,,
NV_T_1,strict,shared3,truth,indel_lcXvaf,1625,0.025016973476144684,3,0.14460916382325392,0.10499746801683472,0.19916490041748253,2.419375457624379e-32,,,
NV_T_1,strict,shared3,truth,pooled_indelXvaf,41071,1.6606799564434328e-22,3,0.24653541504894874,0.2180953202582757,0.27868415884109793,,0.6887708597245484,0.5884068705001971,0.8062538372510974
FD_T_1,strict,shared3,truth,snv_lcXvaf,39446,2.9453786850207518e-15,3,0.39550373224170243,0.3418828172617828,0.45753455371037716,9.753439806101536e-36,,,
FD_T_1,strict,shared3,truth,indel_lcXvaf,1625,0.0014001809269371076,3,0.4156888136991061,0.2987483831326018,0.5784037658134297,1.9055599479759543e-07,,,
FD_T_1,strict,shared3,truth,pooled_indelXvaf,41071,7.679970297835751e-14,3,0.3732899288551761,0.32672080801073183,0.4264967751307879,,0.9677630339141515,0.8267675029364483,1.1328037041662906
NS_T_1,strict,shared3,truth,snv_lcXvaf,39446,0.0005017515472649169,3,0.6824662990029582,0.609711969290008,0.7639020926834673,3.083480642393958e-11,,,
NS_T_1,strict,shared3,truth,indel_lcXvaf,1625,0.0012633533886052752,3,0.5174832746077772,0.38373371593898603,0.6978509533453838,1.5750448070807772e-05,,,
NS_T_1,strict,shared3,truth,pooled_indelXvaf,41071,0.09218917577091255,3,0.652999217450171,0.5881514033321943,0.7249969575430832,,0.9196033039812657,0.8040812159606667,1.0517224129939478
NS_380X,strict,shared3,truth,snv_lcXvaf,39446,0.017590698442625466,3,0.7361227098154608,0.6702964633261174,0.8084134014629576,1.4568614587090598e-10,,,
NS_380X,strict,shared3,truth,indel_lcXvaf,1625,0.5535808482774358,3,0.37137177060478077,0.2891091402336235,0.4770412719939669,8.946694758141591e-15,,,
NS_380X,strict,shared3,truth,pooled_indelXvaf,41071,3.1683825206367113e-15,3,0.6823210136212347,0.6254627992369243,0.7443479711297027,,0.776772968539456,0.68886415754084,0.87590018735708
IL_T_1,strict,shared3,union,snv_lcXvaf,288989,2.502993431133094e-176,3,0.06886538427614852,0.0666938191844937,0.0711076559940688,0.0,,,
IL_T_1,strict,shared3,union,indel_lcXvaf,49534,1.3211313920851424e-94,3,0.19047217832481528,0.17861900781828693,0.20311192609863965,0.0,,,
IL_T_1,strict,shared3,union,pooled_indelXvaf,338523,1.961125907695187e-67,3,0.08204549452472099,0.07975528231088902,0.084401471310283,,0.8224159920088573,0.7920124535729177,0.8539866524329115
NV_T_1,strict,shared3,union,snv_lcXvaf,314546,0.0,3,0.05147032259934681,0.049897549072973724,0.0530926700348841,0.0,,,
NV_T_1,strict,shared3,union,indel_lcXvaf,57265,4.5337922483922567e-125,3,0.2271313681338705,0.21317945726073975,0.24199638676847612,0.0,,,
NV_T_1,strict,shared3,union,pooled_indelXvaf,371811,3.4137050681516155e-41,3,0.0657811547957138,0.06399718869930313,0.06761485018645483,,1.1732514582955471,1.1316855505884298,1.2163440486422177
FD_T_1,strict,shared3,union,snv_lcXvaf,224753,1.6936924280726071e-217,3,0.09065814871904856,0.08779757868694428,0.09361192019282075,0.0,,,
FD_T_1,strict,shared3,union,indel_lcXvaf,45805,5.952334570791718e-82,3,0.17848635489298298,0.1675673282446376,0.19011688744284405,0.0,,,
FD_T_1,strict,shared3,union,pooled_indelXvaf,270558,0.01936966688794039,3,0.10259884594767059,0.09974813478984265,0.10553102784299638,,0.805766564903638,0.7778382327837404,0.834697665596903
NS_T_1,strict,shared3,union,snv_lcXvaf,264426,5.017970877372732e-208,3,0.09919275241429941,0.09610466884046207,0.1023800638432874,0.0,,,
NS_T_1,strict,shared3,union,indel_lcXvaf,52480,5.963232310259362e-121,3,0.2002377921069421,0.18814810311290978,0.21310431901511862,0.0,,,
NS_T_1,strict,shared3,union,pooled_indelXvaf,316906,1.0127413441648772e-34,3,0.11256325905915449,0.10948093423843255,0.115732363613412,,0.8412769880472872,0.8120983944020794,0.8715039649093329
NS_380X,strict,shared3,union,snv_lcXvaf,287632,0.0,3,0.12424641558216704,0.12007836911703065,0.12855913932317986,0.0,,,
NS_380X,strict,shared3,union,indel_lcXvaf,56214,8.994450351277298e-205,3,0.3084447533751149,0.2905461589257813,0.32744595983090613,0.0,,,
NS_380X,strict,shared3,union,pooled_indelXvaf,343846,1.3300033017801494e-153,3,0.15379539921098864,0.14944729095332898,0.15827001391315942,,0.9332631772960833,0.9020106781079148,0.9655985003678396
IL_T_1,strict,shared3,union_hc,snv_lcXvaf,109365,0.005823854594127326,3,0.023454637931534957,0.022038519712835006,0.024961750955487916,0.0,,,
IL_T_1,strict,shared3,union_hc,indel_lcXvaf,20225,1.3600108526793725e-57,3,0.06014024736444215,0.05151418534763929,0.07021074542183435,2.2495030854907955e-277,,,
IL_T_1,strict,shared3,union_hc,pooled_indelXvaf,129590,3.039710182710058e-162,3,0.02770345946203745,0.026172188684223125,0.02932432114962546,,0.3828102092745663,0.3489156005365127,0.41999743232891656
NV_T_1,strict,shared3,union_hc,snv_lcXvaf,125967,3.755940962067809e-20,3,0.015405916401996466,0.014513242518055821,0.01635349646297359,0.0,,,
NV_T_1,strict,shared3,union_hc,indel_lcXvaf,23816,3.720608033918567e-43,3,0.04991296390049378,0.04264230856566186,0.058423290134393485,8.734103313190558e-305,,,
NV_T_1,strict,shared3,union_hc,pooled_indelXvaf,149783,2.636385835472541e-93,3,0.01768018019058398,0.016728541517322164,0.018685954854333046,,0.48032029492369993,0.43774764667432847,0.5270332975364453
FD_T_1,strict,shared3,union_hc,snv_lcXvaf,70170,3.1331910137847436e-08,3,0.018250532841723774,0.017104474758453718,0.019473380721159863,0.0,,,
FD_T_1,strict,shared3,union_hc,indel_lcXvaf,15949,7.906343577096967e-15,3,0.037000007057734534,0.03157690277243923,0.04335449021514829,0.0,,,
FD_T_1,strict,shared3,union_hc,pooled_indelXvaf,86119,1.5421795019937795e-32,3,0.019923765357673377,0.018765643996352197,0.021153360156719855,,0.37056244006764094,0.33894337082830234,0.4051311629235082
NS_T_1,strict,shared3,union_hc,snv_lcXvaf,91922,0.1822109851467775,3,0.0400582746120546,0.037870336637181354,0.042372619506088754,0.0,,,
NS_T_1,strict,shared3,union_hc,indel_lcXvaf,20263,3.967722123792873e-40,3,0.047469658938702725,0.040853931237402163,0.05515671201046569,0.0,,,
NS_T_1,strict,shared3,union_hc,pooled_indelXvaf,112185,1.0541380812487337e-83,3,0.041178594352132294,0.03906851761489006,0.043402635583265486,,0.5215247854315898,0.4806060098586159,0.5659273838449895
NS_380X,strict,shared3,union_hc,snv_lcXvaf,85598,7.611180554378108e-65,3,0.06420866100664852,0.060636926232782044,0.0679907839068173,0.0,,,
NS_380X,strict,shared3,union_hc,indel_lcXvaf,17145,4.695391956371331e-36,3,0.051785508129841853,0.044089175944523926,0.06082533399218592,7.951434484717756e-285,,,
NS_380X,strict,shared3,union_hc,pooled_indelXvaf,102743,5.934109656648314e-153,3,0.06293737066512299,0.05961422717092702,0.0664457599170364,,0.5953622462053507,0.5497895999452468,0.6447124577146979
