vaf_bin,factor,n_hi,disc_hi,n_lo,disc_lo,diff,diff_lo,diff_hi,p,p_holm,direction_supports,sig_supports,run,flags,callerset,denom
<5%,vtype,102,0.7647058823529411,1292,0.9969040247678018,-0.2321981424148607,-0.3232056989721857,-0.1602621205997664,5.842139295995151e-25,1.1684278591990301e-24,False,False,IL_T_1,strict,native,truth
5-10%,vtype,287,0.3693379790940767,3853,0.9558785362055541,-0.5865405571114775,-0.6406465721279446,-0.5289008023354531,7.032432376733684e-258,2.8129729506934735e-257,False,False,IL_T_1,strict,native,truth
10-20%,vtype,422,0.17298578199052134,6271,0.4512836868123106,-0.2782979048217893,-0.31361951502101204,-0.23741427213454397,1.0561108838965709e-28,3.168332651689713e-28,False,False,IL_T_1,strict,native,truth
>=20%,vtype,814,0.10442260442260443,28030,0.04131287905815198,0.06310972536445245,0.043778249961654955,0.086120590133715,5.006314400414807e-18,5.006314400414807e-18,True,True,IL_T_1,strict,native,truth
<5%,vtype,102,0.6274509803921569,1292,0.9976780185758514,-0.3702270381836945,-0.46708994237453283,-0.2825131594375301,3.8450898798346985e-43,7.690179759669397e-43,False,False,NV_T_1,strict,native,truth
5-10%,vtype,287,0.20905923344947736,3853,0.9691149753438879,-0.7600557418944105,-0.8033948806128569,-0.7089745428371836,0.0,0.0,False,False,NV_T_1,strict,native,truth
10-20%,vtype,422,0.14691943127962084,6271,0.4614893956306809,-0.3145699643510601,-0.3475621171970763,-0.27561321854795723,4.20569545347703e-36,4.20569545347703e-36,False,False,NV_T_1,strict,native,truth
>=20%,vtype,814,0.13513513513513514,28030,0.036318230467356404,0.09881690466777873,0.07692176096280967,0.12411288004120581,4.784949613474509e-46,1.4354848840423526e-45,True,True,NV_T_1,strict,native,truth
<5%,vtype,102,0.8137254901960784,1292,0.9984520123839009,-0.18472652218782248,-0.2711605313099623,-0.12094227261671929,9.337907040406026e-21,1.8675814080812053e-20,False,False,FD_T_1,strict,native,truth
5-10%,vtype,287,0.41114982578397213,3853,0.9558785362055541,-0.5447287104215819,-0.6004447067947655,-0.48657736972621923,1.0825424436321402e-229,4.330169774528561e-229,False,False,FD_T_1,strict,native,truth
10-20%,vtype,422,0.1848341232227488,6271,0.5409025673736246,-0.3560684441508758,-0.392352053910993,-0.31437621146938566,2.868092917653658e-45,8.604278752960973e-45,False,False,FD_T_1,strict,native,truth
>=20%,vtype,814,0.09090909090909091,28030,0.052336782019265074,0.03857230888982584,0.02049970643371852,0.06043856378550104,2.0840932477525136e-06,2.0840932477525136e-06,True,True,FD_T_1,strict,native,truth
<5%,vtype,102,0.7549019607843137,1292,1.0,-0.2450980392156863,-0.336817582637033,-0.17182156589283964,2.0344915425947878e-30,4.0689830851895756e-30,False,False,NS_T_1,strict,native,truth
5-10%,vtype,287,0.4250871080139373,3853,0.9769011160134959,-0.5518140079995586,-0.6078122984106752,-0.49376439645961095,5.3210923981685005e-307,2.1284369592674002e-306,False,False,NS_T_1,strict,native,truth
10-20%,vtype,422,0.1872037914691943,6271,0.5900175410620315,-0.4028137495928372,-0.4392224636615145,-0.36100887471864457,2.3815948244088574e-58,7.144784473226573e-58,False,False,NS_T_1,strict,native,truth
>=20%,vtype,814,0.13513513513513514,28030,0.12326079200856226,0.011874343126572887,-0.01025089196871664,0.03736507062306646,0.3366947938911009,0.3366947938911009,True,False,NS_T_1,strict,native,truth
<5%,vtype,102,0.6078431372549019,1292,1.0,-0.3921568627450981,-0.4891667609232768,-0.30292592544848534,9.116995055427675e-50,1.823399011085535e-49,False,False,NS_380X,strict,native,truth
5-10%,vtype,287,0.25435540069686413,3853,0.9992213859330392,-0.7448659852361751,-0.7917796171928219,-0.6914448816745365,2.204059271390784e-289,8.816237085563135e-289,False,False,NS_380X,strict,native,truth
10-20%,vtype,422,0.21800947867298578,6271,0.6834635624302344,-0.4654540837572486,-0.5039350016901474,-0.42202805454402037,6.9815291300297155e-84,2.0944587390089146e-83,False,False,NS_380X,strict,native,truth
>=20%,vtype,814,0.3157248157248157,28030,0.3344987513378523,-0.018773935613036585,-0.050267680605834704,0.01441771881713591,0.27930791696853374,0.27930791696853374,False,False,NS_380X,strict,native,truth
<5%,vtype,102,0.8725490196078431,773,1.0,-0.12745098039215685,-0.2059265580014401,-0.07578116602055385,3.6143246609665765e-13,3.6143246609665765e-13,False,False,IL_T_1,strict,native,truth_obsvaf
5-10%,vtype,219,0.2922374429223744,3270,1.0,-0.7077625570776256,-0.7640003767454422,-0.6443508387983208,2.0054896272238823e-218,8.021958508895529e-218,False,False,IL_T_1,strict,native,truth_obsvaf
10-20%,vtype,421,0.1330166270783848,6188,0.43778280542986425,-0.30476617835147946,-0.33643645588010695,-0.2669247743197824,2.578949424289097e-34,7.736848272867292e-34,False,False,IL_T_1,strict,native,truth_obsvaf
>=20%,vtype,820,0.08536585365853659,27940,0.033357193987115244,0.05200865967142135,0.03462767923148248,0.07321889103537607,2.6069450745377736e-15,5.213890149075547e-15,True,True,IL_T_1,strict,native,truth_obsvaf
<5%,vtype,64,0.703125,1043,1.0,-0.296875,-0.41770201103542925,-0.19898271067890233,1.7958218105648799e-25,1.7958218105648799e-25,False,False,NV_T_1,strict,native,truth_obsvaf
5-10%,vtype,228,0.2412280701754386,3574,1.0,-0.7587719298245614,-0.8097218020151553,-0.6992370175787772,2.8069044937513254e-251,1.1227617975005302e-250,False,False,NV_T_1,strict,native,truth_obsvaf
10-20%,vtype,427,0.11475409836065574,6060,0.44587458745874586,-0.3311204890980901,-0.36076230383800323,-0.2951606214020915,1.5285786023503606e-40,4.585735807051082e-40,False,False,NV_T_1,strict,native,truth_obsvaf
>=20%,vtype,855,0.11228070175438597,28091,0.03339147769748318,0.0788892240569028,0.059317600527706675,0.10189950909126598,5.704249174178437e-34,1.1408498348356874e-33,True,True,NV_T_1,strict,native,truth_obsvaf
<5%,vtype,45,0.9111111111111111,252,1.0,-0.0888888888888889,-0.20733575334289356,-0.033054321428072034,0.0004689919944157232,0.0004689919944157232,False,False,FD_T_1,strict,native,truth_obsvaf
5-10%,vtype,168,0.4523809523809524,2700,1.0,-0.5476190476190477,-0.6209797329635627,-0.47211597801570604,4.682376036074519e-127,1.8729504144298075e-126,False,False,FD_T_1,strict,native,truth_obsvaf
10-20%,vtype,378,0.1402116402116402,6108,0.5599214145383105,-0.4197097743266702,-0.4534659187906984,-0.3791107369687267,2.114595360644908e-56,6.343786081934724e-56,False,False,FD_T_1,strict,native,truth_obsvaf
>=20%,vtype,920,0.075,27881,0.03425271690398479,0.040747283096015205,0.02528112523512477,0.05970413173985392,9.394657000343953e-11,1.8789314000687905e-10,True,True,FD_T_1,strict,native,truth_obsvaf
<5%,vtype,64,0.921875,497,1.0,-0.078125,-0.17019537354162906,-0.033172004415286074,1.67625932975286e-05,3.35251865950572e-05,False,False,NS_T_1,strict,native,truth_obsvaf
5-10%,vtype,206,0.4174757281553398,3188,1.0,-0.5825242718446602,-0.6477535675327648,-0.5142629074502927,4.0087385373808545e-165,1.6034954149523418e-164,False,False,NS_T_1,strict,native,truth_obsvaf
10-20%,vtype,419,0.13365155131264916,6088,0.6046320630749015,-0.4709805117622523,-0.502700972089871,-0.4329873743034747,6.41023787376532e-79,1.923071362129596e-78,False,False,NS_T_1,strict,native,truth_obsvaf
>=20%,vtype,854,0.12295081967213115,27852,0.10857389056441188,0.01437692910771926,-0.00630906399865902,0.03837632442593418,0.20329716410819645,0.20329716410819645,True,False,NS_T_1,strict,native,truth_obsvaf
<5%,vtype,106,0.6792452830188679,1291,1.0,-0.3207547169811321,-0.4145382805993296,-0.23945440947754237,3.246608824215773e-41,6.493217648431546e-41,False,False,NS_380X,strict,native,truth_obsvaf
5-10%,vtype,257,0.22568093385214008,3900,0.9997435897435898,-0.7740626558914497,-0.8209140658456507,-0.7191188403197659,1.6648393655054211e-285,6.6593574620216845e-285,False,False,NS_380X,strict,native,truth_obsvaf
10-20%,vtype,425,0.20941176470588235,6064,0.699703166226913,-0.4902914015210306,-0.5280509033017503,-0.4474720265631766,4.386597623723995e-95,1.3159792871171985e-94,False,False,NS_380X,strict,native,truth_obsvaf
>=20%,vtype,833,0.3133253301320528,28187,0.33231631603221345,-0.01899098590016063,-0.050066984506894535,0.013765320372650304,0.2670281520444643,0.2670281520444643,False,False,NS_380X,strict,native,truth_obsvaf
<5%,vtype,17556,0.998177261335156,83570,1.0,-0.001822738664843948,-0.0025719560852569545,-0.0012895028374863503,4.527525270950983e-25,9.055050541901966e-25,False,False,IL_T_1,strict,native,union
5-10%,vtype,6587,0.9650827387277972,74665,0.9999598205317083,-0.034877081803911136,-0.03958830997985346,-0.030707344531448192,4.2924373949191484e-247,1.2877312184757445e-246,False,False,IL_T_1,strict,native,union
10-20%,vtype,5939,0.8947634281865634,37199,0.8958305330788462,-0.0010671048922827886,-0.009690654257921549,0.00711248488728174,0.8204443812194337,0.8204443812194337,False,False,IL_T_1,strict,native,union
>=20%,vtype,19452,0.6373123586263624,156082,0.43576453402698584,0.20154782459937653,0.19433219536558938,0.20871142140292281,0.0,0.0,True,True,IL_T_1,strict,native,union
<5%,vtype,22036,0.9976402250862225,98265,1.0,-0.0023597749137774793,-0.003092926632459192,-0.0017987331879226274,4.44157771024715e-39,8.8831554204943e-39,False,False,NV_T_1,strict,native,union
5-10%,vtype,9447,0.9691965703397905,88508,0.9999887015862973,-0.030792131246506815,-0.03447159283482426,-0.027493686545408864,1.1799476104154234e-295,4.719790441661694e-295,False,False,NV_T_1,strict,native,union
10-20%,vtype,6490,0.8869029275808937,45058,0.9157086421945049,-0.028805714613611144,-0.03713455474050039,-0.02088876834429694,2.2018384750159308e-14,2.2018384750159308e-14,False,False,NV_T_1,strict,native,union
>=20%,vtype,19292,0.5516794526228489,183677,0.49023013224301354,0.06144932037983536,0.054059406121504026,0.06881954329604914,3.018903069829358e-59,9.056709209488073e-59,True,True,NV_T_1,strict,native,union
<5%,vtype,11222,0.9995544466227054,40979,1.0,-0.0004455533772945719,-0.001042671358577496,-0.00017366043157264005,0.00045883163407243793,0.0009176632681448759,False,False,FD_T_1,strict,native,union
5-10%,vtype,5428,0.9778924097273397,37321,0.999973205433938,-0.022080795706598266,-0.026343529019554682,-0.018491884411784534,9.296139394317567e-107,2.78884181829527e-106,False,False,FD_T_1,strict,native,union
10-20%,vtype,6046,0.9186238835593781,31959,0.9085077755874714,0.010116107971906652,0.0023085750339833953,0.017481400933407932,0.012509604047576176,0.012509604047576176,True,True,FD_T_1,strict,native,union
>=20%,vtype,23109,0.6884763512051582,135577,0.47767689209821723,0.21079945910694092,0.20423473511353324,0.21730643569996913,0.0,0.0,True,True,FD_T_1,strict,native,union
<5%,vtype,16220,0.9991985203452528,59390,1.0,-0.0008014796547471947,-0.0013708912039152032,-0.00046224446130310894,2.029971752978165e-09,4.05994350595633e-09,False,False,NS_T_1,strict,native,union
5-10%,vtype,7642,0.9760533891651401,58698,0.9999488909332516,-0.023895501768111505,-0.027570017745846952,-0.0206979645092708,1.842777126896522e-167,5.528331380689566e-167,False,False,NS_T_1,strict,native,union
10-20%,vtype,6634,0.9178474525173349,39117,0.9321522611652223,-0.014304808647887413,-0.021581748632162785,-0.007450395425631759,2.6860831312120216e-05,2.6860831312120216e-05,False,False,NS_T_1,strict,native,union
>=20%,vtype,21984,0.6902292576419214,137527,0.47859693005737053,0.21163232758455092,0.20494378419693754,0.21825937709160914,0.0,0.0,True,True,NS_T_1,strict,native,union
<5%,vtype,23538,0.9927776361628006,162360,1.0,-0.00722236383719943,-0.008387424781304609,-0.0062178429967327305,1.5559967885857807e-153,4.667990365757342e-153,False,False,NS_380X,strict,native,union
5-10%,vtype,6273,0.948190658377172,44883,0.9999777198493862,-0.051787061472214235,-0.057551382788784,-0.04657032401092604,9.6769857467799e-298,3.87079429871196e-297,False,False,NS_380X,strict,native,union
10-20%,vtype,4953,0.8788612961841308,30512,0.9336654431043524,-0.05480414692022162,-0.06457729440718224,-0.045560187067017165,2.3684396922119313e-42,4.7368793844238626e-42,False,False,NS_380X,strict,native,union
>=20%,vtype,21450,0.7220512820512821,199927,0.7073081674811306,0.014743114570151539,0.008388804944211835,0.021024485929517826,6.5306904142828965e-06,6.5306904142828965e-06,True,True,NS_380X,strict,native,union
<5%,vtype,9994,0.9973984390634381,9705,1.0,-0.002601560936561942,-0.003809297142968626,-0.0016861305895910922,3.139026267210231e-08,6.278052534420462e-08,False,False,IL_T_1,strict,native,union_hc
5-10%,vtype,3959,0.9540287951502905,44748,1.0,-0.04597120484970951,-0.052946476643689344,-0.039875572231533166,8.528594141017022e-201,2.5585782423051068e-200,False,False,IL_T_1,strict,native,union_hc
10-20%,vtype,2949,0.8718209562563581,21452,0.8374510535148237,0.0343699027415344,0.02090500739815182,0.04698531368939822,1.876851373969731e-06,1.876851373969731e-06,True,True,IL_T_1,strict,native,union_hc
>=20%,vtype,3323,0.7715919349984953,39023,0.30763908464239037,0.46395285035610495,0.4486628116332549,0.4786341155706389,0.0,0.0,True,True,IL_T_1,strict,native,union_hc
<5%,vtype,12762,0.9963171916627488,11660,1.0,-0.003682808337251209,-0.004893499195732454,-0.0027131712065287497,9.498984419879286e-14,1.8997968839758571e-13,False,False,NV_T_1,strict,native,union_hc
5-10%,vtype,5806,0.9638305201515673,56227,1.0,-0.03616947984843266,-0.0412870123462048,-0.03166479744418995,2.854875911952718e-218,8.564627735858154e-218,False,False,NV_T_1,strict,native,union_hc
10-20%,vtype,2701,0.8515364679748242,26528,0.8729644149577804,-0.021427946982956247,-0.03588697961428268,-0.007894601342818398,0.0017197911757079465,0.0017197911757079465,False,False,NV_T_1,strict,native,union_hc
>=20%,vtype,2547,0.6972909305064782,40486,0.3291261176703058,0.36816481283617236,0.3494634285010644,0.38628257360518403,1.068887324574e-311,4.275549298296e-311,True,True,NV_T_1,strict,native,union_hc
<5%,vtype,5799,0.9991377823762718,3229,1.0,-0.0008622176237281787,-0.0020169475532300085,0.0004245910647560228,0.16763958437855953,0.16763958437855953,False,False,FD_T_1,strict,native,union_hc
5-10%,vtype,3208,0.9669576059850374,15191,1.0,-0.03304239401496256,-0.03980780378449933,-0.027388319968992762,9.172447496086809e-82,2.7517342488260427e-81,False,False,FD_T_1,strict,native,union_hc
10-20%,vtype,3193,0.886626996554964,17434,0.8454743604451073,0.041152636109856755,0.028526586241778167,0.05301047163277947,2.0891230362106296e-09,4.178246072421259e-09,True,True,FD_T_1,strict,native,union_hc
>=20%,vtype,3749,0.7644705254734596,37743,0.286304745250775,0.47816578022268463,0.4635781228738392,0.4922263357598313,0.0,0.0,True,True,FD_T_1,strict,native,union_hc
<5%,vtype,8695,0.9988499137435307,5511,1.0,-0.0011500862564692849,-0.0021159217057293844,-0.0002776821606540313,0.00865450931818952,0.01730901863637904,False,False,NS_T_1,strict,native,union_hc
5-10%,vtype,4588,0.9688317349607672,29298,1.0,-0.031168265039232756,-0.036601908564675156,-0.02651720728387086,9.514208534611063e-126,2.854262560383319e-125,False,False,NS_T_1,strict,native,union_hc
10-20%,vtype,3465,0.8883116883116883,23395,0.8969010472323146,-0.008589358920626289,-0.0201628418259352,0.0022234142044682444,0.12986302576967484,0.12986302576967484,False,False,NS_T_1,strict,native,union_hc
>=20%,vtype,3515,0.7786628733997155,37875,0.3442376237623762,0.4344252496373393,0.4196021015867089,0.4486635135322069,0.0,0.0,True,True,NS_T_1,strict,native,union_hc
<5%,vtype,10664,0.9875281320330083,31455,1.0,-0.012471867966991734,-0.01476069109969258,-0.0105303159962738,2.4514724063937124e-80,4.902944812787425e-80,False,False,NS_380X,strict,native,union_hc
5-10%,vtype,2687,0.9181243021957574,22013,0.9999545722981874,-0.08183027010243005,-0.09280377815821181,-0.07204836375464622,5.816608106545036e-214,2.3266432426180143e-213,False,False,NS_380X,strict,native,union_hc
10-20%,vtype,1410,0.750354609929078,14068,0.8701307932897355,-0.11977618336065754,-0.14365797518166226,-0.0971670380854158,1.044369612769569e-34,1.044369612769569e-34,False,False,NS_380X,strict,native,union_hc
>=20%,vtype,2384,0.7575503355704698,40544,0.5356649565903709,0.22188537898009886,0.20362064763209917,0.23935446336065272,3.882443822416869e-99,1.1647331467250608e-98,True,True,NS_380X,strict,native,union_hc
<5%,vtype,102,0.7647058823529411,1292,0.7685758513931888,-0.0038699690402477227,-0.09752229070257337,0.07173771990053229,1.0,1.0,False,False,IL_T_1,strict,shared3,truth
5-10%,vtype,287,0.3693379790940767,3853,0.3773682844536725,-0.008030305359595813,-0.0639653881451501,0.051167154718422606,0.835463897005358,1.0,False,False,IL_T_1,strict,shared3,truth
10-20%,vtype,422,0.17298578199052134,6271,0.09217030776590655,0.08081547422461478,0.04690073658927327,0.12041826863859023,9.384535065100797e-08,2.815360519530239e-07,True,True,IL_T_1,strict,shared3,truth
>=20%,vtype,814,0.10442260442260443,28030,0.02786300392436675,0.07655960049823768,0.057273664069430824,0.09953411607783871,6.28817873295696e-36,2.515271493182784e-35,True,True,IL_T_1,strict,shared3,truth
<5%,vtype,102,0.6274509803921569,1292,0.6973684210526315,-0.06991744066047467,-0.16980296146626972,0.021347157194568464,0.17337875937950187,0.17337875937950187,False,False,NV_T_1,strict,shared3,truth
5-10%,vtype,287,0.20905923344947736,3853,0.3039190241370361,-0.09485979068755873,-0.14035274231360845,-0.042143247183899654,0.0008848084072225152,0.0017696168144450304,False,False,NV_T_1,strict,shared3,truth
10-20%,vtype,422,0.14691943127962084,6271,0.06219103811194387,0.08472839316767697,0.053506399203638685,0.12212771526840085,3.751191980620657e-11,1.125357594186197e-10,True,True,NV_T_1,strict,shared3,truth
>=20%,vtype,814,0.13513513513513514,28030,0.027434891188012844,0.1077002439471223,0.0858318344893467,0.1329742945667264,1.0256570307509291e-68,4.1026281230037165e-68,True,True,NV_T_1,strict,shared3,truth
<5%,vtype,102,0.8137254901960784,1292,0.8204334365325078,-0.006707946336429349,-0.095411763415573,0.06059787428906216,0.9713563459620669,0.9713563459620669,False,False,FD_T_1,strict,shared3,truth
5-10%,vtype,287,0.41114982578397213,3853,0.517259278484298,-0.10610945270032585,-0.1636934620574817,-0.046255393936104915,0.0006547857750229874,0.001964357325068962,False,False,FD_T_1,strict,shared3,truth
10-20%,vtype,422,0.1848341232227488,6271,0.1695104449051188,0.015323678317630013,-0.02010390418345162,0.05616612666153309,0.4572366182535137,0.9144732365070274,True,False,FD_T_1,strict,shared3,truth
>=20%,vtype,814,0.09090909090909091,28030,0.022832679272208348,0.06807641163688256,0.05011005837431946,0.08985911616267764,2.799443249581567e-34,1.1197772998326268e-33,True,True,FD_T_1,strict,shared3,truth
<5%,vtype,102,0.7549019607843137,1292,0.7941176470588235,-0.039215686274509776,-0.13334457252199294,0.03749980495195754,0.41699070049283515,0.8339814009856703,False,False,NS_T_1,strict,shared3,truth
5-10%,vtype,287,0.4250871080139373,3853,0.44900077861406695,-0.023913670600129666,-0.08192591523775647,0.03597896064954615,0.46875920245101177,0.8339814009856703,False,False,NS_T_1,strict,shared3,truth
10-20%,vtype,422,0.1872037914691943,6271,0.1353851060436932,0.05181868542550111,0.016401426322051653,0.09263769752793094,0.003627871665172508,0.010894756153569485,True,True,NS_T_1,strict,shared3,truth
>=20%,vtype,814,0.13513513513513514,28030,0.1021048876204067,0.03303024751472844,0.010956050118969163,0.0584771129070257,0.0027236890383923714,0.010894756153569485,True,True,NS_T_1,strict,shared3,truth
<5%,vtype,102,0.6078431372549019,1292,0.8065015479876161,-0.19865841073271417,-0.2978353912751189,-0.1066977294039672,3.621779219832393e-06,1.086533765949718e-05,False,False,NS_380X,strict,shared3,truth
5-10%,vtype,287,0.25435540069686413,3853,0.1648066441733714,0.08954875652349273,0.04111565266778442,0.14414763523674862,0.00014140054011676899,0.00028280108023353797,True,True,NS_380X,strict,shared3,truth
10-20%,vtype,422,0.21800947867298578,6271,0.09264870036676766,0.1253607783062181,0.08786322911836889,0.1677727358918426,2.3025749872616523e-16,9.21029994904661e-16,True,True,NS_380X,strict,shared3,truth
>=20%,vtype,814,0.3157248157248157,28030,0.2853371387798787,0.030387676944936992,-0.0010663553132402234,0.06353982833026331,0.0640853059990623,0.0640853059990623,True,False,NS_380X,strict,shared3,truth
<5%,vtype,17556,0.998177261335156,54199,0.9994280337275595,-0.0012507723924034542,-0.0020188077031191047,-0.0006679226354037296,2.400160510782651e-06,2.400160510782651e-06,False,False,IL_T_1,strict,shared3,union
5-10%,vtype,6587,0.9650827387277972,72997,0.9516144499089003,0.013468288818896834,0.008513991908490635,0.01792684319325924,9.451455687846455e-07,1.890291137569291e-06,True,True,IL_T_1,strict,shared3,union
10-20%,vtype,5939,0.8947634281865634,31764,0.7905490492381312,0.10421437894843222,0.09501161530921481,0.11300939312527215,1.055550017841972e-77,3.1666500535259157e-77,True,True,IL_T_1,strict,shared3,union
>=20%,vtype,19452,0.6373123586263624,130029,0.30043298033515603,0.33687937829120634,0.32965132857121304,0.3440524745201275,0.0,0.0,True,True,IL_T_1,strict,shared3,union
<5%,vtype,22036,0.9976402250862225,62330,0.9994224290068988,-0.0017822039206762952,-0.0025326810488971916,-0.0011801479635814359,4.414792204093143e-12,4.414792204093143e-12,False,False,NV_T_1,strict,shared3,union
5-10%,vtype,9447,0.9691965703397905,85612,0.9526935476335093,0.016503022706281123,0.012565566251679722,0.02010270589388131,3.708345703160023e-13,7.416691406320046e-13,True,True,NV_T_1,strict,shared3,union
10-20%,vtype,6490,0.8869029275808937,35748,0.8138357390623252,0.07306718851856853,0.06418022396030576,0.08157995441062436,5.4647251087379854e-46,1.6394175326213957e-45,True,True,NV_T_1,strict,shared3,union
>=20%,vtype,19292,0.5516794526228489,130856,0.27752644127896314,0.27415301134388576,0.26671653567670656,0.28156577155879087,0.0,0.0,True,True,NV_T_1,strict,shared3,union
<5%,vtype,11222,0.9995544466227054,28747,0.9994782064215396,7.624020116581143e-05,-0.0005552637481933218,0.000500587321801552,0.9542161995532569,0.9542161995532569,True,False,FD_T_1,strict,shared3,union
5-10%,vtype,5428,0.9778924097273397,36813,0.9393692445603455,0.03852316516699417,0.03363504742059294,0.04288608301721237,1.0085802112346513e-30,2.0171604224693027e-30,True,True,FD_T_1,strict,shared3,union
10-20%,vtype,6046,0.9186238835593781,29556,0.7836987413723102,0.13492514218706786,0.1263835269544515,0.14306888584999172,3.2059097132595325e-129,9.617729139778598e-129,True,True,FD_T_1,strict,shared3,union
>=20%,vtype,23109,0.6884763512051582,129637,0.37683685984711157,0.3116394913580466,0.3050819993318246,0.3181367264354344,0.0,0.0,True,True,FD_T_1,strict,shared3,union
<5%,vtype,16220,0.9991985203452528,41968,0.9998332062523828,-0.0006346859071300059,-0.001210554524055515,-0.0002573270262084329,0.0005522735800161577,0.0005522735800161577,False,False,NS_T_1,strict,shared3,union
5-10%,vtype,7642,0.9760533891651401,57690,0.9502860114404577,0.025767377724682405,0.02170019987768437,0.02943727504506699,1.4760144554896595e-23,2.952028910979319e-23,True,True,NS_T_1,strict,shared3,union
10-20%,vtype,6634,0.9178474525173349,35899,0.8205521045154461,0.09729534800188877,0.08939368026872013,0.10481777980363148,8.389083347560972e-86,2.5167250042682915e-85,True,True,NS_T_1,strict,shared3,union
>=20%,vtype,21984,0.6902292576419214,128869,0.39211136890951276,0.2981178887324087,0.2914182186402856,0.3047540605275,0.0,0.0,True,True,NS_T_1,strict,shared3,union
<5%,vtype,23538,0.9927776361628006,104493,0.9996459092953595,-0.006868273132558889,-0.00803737945754743,-0.005855142429526452,3.472036417642054e-123,6.944072835284108e-123,False,False,NS_380X,strict,shared3,union
5-10%,vtype,6273,0.948190658377172,36152,0.8855111750387253,0.06267948333844664,0.056066389695816544,0.06886391946414902,2.718961693789473e-50,2.718961693789473e-50,True,True,NS_380X,strict,shared3,union
10-20%,vtype,4953,0.8788612961841308,16492,0.6232112539413048,0.25565004224282595,0.24372203122214783,0.2671588519334873,1.826166491206668e-251,5.478499473620004e-251,True,True,NS_380X,strict,shared3,union
>=20%,vtype,21450,0.7220512820512821,130495,0.5180581631480133,0.20399311890326877,0.19737782789093983,0.21053639316137202,0.0,0.0,True,True,NS_380X,strict,shared3,union
<5%,vtype,9994,0.9973984390634381,9403,0.9984047644368819,-0.001006325373443806,-0.002367685173558904,0.00031779686969483044,0.1710851530278082,0.1710851530278082,False,False,IL_T_1,strict,shared3,union_hc
5-10%,vtype,3959,0.9540287951502905,44286,0.941539086844601,0.012489708305689518,0.0051914812357949005,0.018977684279108134,0.0013727328195420956,0.0027454656390841913,True,True,IL_T_1,strict,shared3,union_hc
10-20%,vtype,2949,0.8718209562563581,19310,0.6966856551009839,0.17513530115537423,0.16102693000962914,0.18842863197799387,1.9710392036216453e-86,5.9131176108649354e-86,True,True,IL_T_1,strict,shared3,union_hc
>=20%,vtype,3323,0.7715919349984953,36366,0.2510861793983391,0.5205057556001562,0.5052498486460999,0.5351473085123849,0.0,0.0,True,True,IL_T_1,strict,shared3,union_hc
<5%,vtype,12762,0.9963171916627488,11096,0.9987382840663303,-0.0024210924035814596,-0.0037348028093854594,-0.001170873970358378,0.0003637956136318629,0.0003637956136318629,False,False,NV_T_1,strict,shared3,union_hc
5-10%,vtype,5806,0.9638305201515673,55193,0.9441052307357817,0.019725289415785663,0.014271376173098746,0.02463247650550411,3.091782303556026e-10,6.183564607112052e-10,True,True,NV_T_1,strict,shared3,union_hc
10-20%,vtype,2701,0.8515364679748242,23123,0.7481728149461575,0.10336365302866668,0.0883879410113139,0.11744969660565475,1.8807220923432994e-32,5.642166277029898e-32,True,True,NV_T_1,strict,shared3,union_hc
>=20%,vtype,2547,0.6972909305064782,36555,0.2521132540008207,0.4451776765056575,0.4265044367271339,0.46326176910589495,0.0,0.0,True,True,NV_T_1,strict,shared3,union_hc
<5%,vtype,5799,0.9991377823762718,3081,0.997078870496592,0.00205891187967977,0.0002568121689700473,0.004726554164720994,0.04067709056549871,0.04067709056549871,True,True,FD_T_1,strict,shared3,union_hc
5-10%,vtype,3208,0.9669576059850374,15076,0.8874369859379145,0.0795206200471229,0.07113962442736653,0.08716043823705719,1.2439724492989422e-42,2.4879448985978845e-42,True,True,FD_T_1,strict,shared3,union_hc
10-20%,vtype,3193,0.886626996554964,16275,0.6524731182795699,0.23415387827539413,0.22057352034797661,0.24700053962969623,8.213935258085942e-151,2.4641805774257825e-150,True,True,FD_T_1,strict,shared3,union_hc
>=20%,vtype,3749,0.7644705254734596,35738,0.2337008226537579,0.5307697028197017,0.516233335102684,0.5447732692324282,0.0,0.0,True,True,FD_T_1,strict,shared3,union_hc
<5%,vtype,8695,0.9988499137435307,5302,0.999245567710298,-0.00039565396676732867,-0.0014658729741844263,0.0008995517247789005,0.588003447278925,0.588003447278925,False,False,NS_T_1,strict,shared3,union_hc
5-10%,vtype,4588,0.9688317349607672,29001,0.9230371366504603,0.045794598310306966,0.03958206162156529,0.05139583245557239,3.516473557053837e-29,7.032947114107675e-29,True,True,NS_T_1,strict,shared3,union_hc
10-20%,vtype,3465,0.8883116883116883,21730,0.7380119650253106,0.15029972328637764,0.13793241964341932,0.1619568594471738,5.321126012680636e-82,1.596337803804191e-81,True,True,NS_T_1,strict,shared3,union_hc
>=20%,vtype,3515,0.7786628733997155,35889,0.3005934966145616,0.47806937678515393,0.4632577215028885,0.49229206849282964,0.0,0.0,True,True,NS_T_1,strict,shared3,union_hc
<5%,vtype,10664,0.9875281320330083,24260,0.9993404781533388,-0.011812346120330552,-0.014115165288079237,-0.009831401604386274,3.00800396111463e-54,6.01600792222926e-54,False,False,NS_380X,strict,shared3,union_hc
5-10%,vtype,2687,0.9181243021957574,17962,0.8058122703485135,0.11231203184724381,0.09993758823410191,0.12370782901993906,2.879882810623144e-45,2.879882810623144e-45,True,True,NS_380X,strict,shared3,union_hc
10-20%,vtype,1410,0.750354609929078,8717,0.36365722152116553,0.38669738840791246,0.3613251998609347,0.4107787248119498,5.7539638043378955e-164,1.7261891413013688e-163,True,True,NS_380X,strict,shared3,union_hc
>=20%,vtype,2384,0.7575503355704698,34659,0.41798667012897084,0.33956366544149896,0.3212027290306106,0.35712607138020597,1.0361277813179584e-228,4.1445111252718334e-228,True,True,NS_380X,strict,shared3,union_hc
<5%,vtype,102,0.7549019607843137,1292,0.9922600619195047,-0.23735810113519096,-0.3291455628692644,-0.1638581538811215,3.743124766047138e-47,1.1229374298141413e-46,False,False,IL_T_1,lenient,native,truth
5-10%,vtype,287,0.3693379790940767,3853,0.9104593822995068,-0.5411214032054301,-0.5955741258338192,-0.48313062940406093,2.5675833420341135e-154,1.0270333368136454e-153,False,False,IL_T_1,lenient,native,truth
10-20%,vtype,422,0.17298578199052134,6271,0.35098070483176524,-0.1779949228412439,-0.21316464398796098,-0.13727731106144075,1.1734632293340354e-13,1.1734632293340354e-13,False,False,IL_T_1,lenient,native,truth
>=20%,vtype,814,0.09705159705159705,28030,0.0346414555833036,0.06241014146829345,0.043795292339748645,0.08477597017942076,1.740389736725613e-20,3.480779473451226e-20,True,True,IL_T_1,lenient,native,truth
<5%,vtype,102,0.6274509803921569,1292,0.9938080495356038,-0.3663570691434469,-0.46325590530845034,-0.27855401268156516,5.45361875309235e-86,1.636085625927705e-85,False,False,NV_T_1,lenient,native,truth
5-10%,vtype,287,0.20905923344947736,3853,0.9351154944199325,-0.7260562609704551,-0.7697279125386813,-0.674660967449163,8.842271954053235e-301,3.536908781621294e-300,False,False,NV_T_1,lenient,native,truth
10-20%,vtype,422,0.14454976303317535,6271,0.36214319885185775,-0.2175934358186824,-0.2502171597621076,-0.1789847501877562,1.7481616794979244e-19,1.7481616794979244e-19,False,False,NV_T_1,lenient,native,truth
>=20%,vtype,814,0.12776412776412777,28030,0.033927934356047094,0.09383619340808066,0.0725267836606863,0.11861568723274844,2.568797262738443e-44,5.137594525476886e-44,True,True,NV_T_1,lenient,native,truth
<5%,vtype,102,0.8137254901960784,1292,0.9961300309597523,-0.18240454076367385,-0.26885965031220593,-0.11854223973307475,5.227333887932225e-40,1.5682001663796675e-39,False,False,FD_T_1,lenient,native,truth
5-10%,vtype,287,0.4076655052264808,3853,0.9050090838307812,-0.49734357860430034,-0.5533175425093707,-0.4388321048461511,1.5269825080958802e-128,6.107930032383521e-128,False,False,FD_T_1,lenient,native,truth
10-20%,vtype,422,0.18009478672985782,6271,0.42002870355605165,-0.23993391682619383,-0.2758186410169373,-0.19860678797686288,4.1188709429172004e-22,8.237741885834401e-22,False,False,FD_T_1,lenient,native,truth
>=20%,vtype,814,0.08353808353808354,28030,0.036924723510524435,0.0466133600275591,0.02935543841681764,0.06774255020013309,1.5464415082758813e-11,1.5464415082758813e-11,True,True,FD_T_1,lenient,native,truth
<5%,vtype,102,0.7549019607843137,1292,0.9976780185758514,-0.24277605779153766,-0.3345083947366665,-0.16942247608408043,5.640453604829147e-27,1.1280907209658295e-26,False,False,NS_T_1,lenient,native,truth
5-10%,vtype,287,0.4250871080139373,3853,0.9519854658707501,-0.5268983578568127,-0.5830877860082996,-0.46863751966227435,6.779400646615024e-209,2.7117602586460094e-208,False,False,NS_T_1,lenient,native,truth
10-20%,vtype,422,0.1872037914691943,6271,0.47073831924732895,-0.28353452777813465,-0.320028490861675,-0.2416980014123922,1.7279046352501992e-29,5.183713905750597e-29,False,False,NS_T_1,lenient,native,truth
>=20%,vtype,814,0.12530712530712532,28030,0.11337852301105958,0.011928602296065738,-0.009404148054299278,0.03671794198944503,0.3169265145790567,0.3169265145790567,True,False,NS_T_1,lenient,native,truth
<5%,vtype,102,0.6078431372549019,1292,1.0,-0.3921568627450981,-0.4891667609232768,-0.30292592544848534,9.116995055427675e-50,1.823399011085535e-49,False,False,NS_380X,lenient,native,truth
5-10%,vtype,287,0.25435540069686413,3853,0.9987023098883987,-0.7443469091915346,-0.791263615649549,-0.6909188675529041,0.0,0.0,False,False,NS_380X,lenient,native,truth
10-20%,vtype,422,0.21800947867298578,6271,0.6231860947217349,-0.4051766160487491,-0.44381416198777646,-0.3616295692415281,2.7245372067232115e-60,8.173611620169634e-60,False,False,NS_380X,lenient,native,truth
>=20%,vtype,814,0.31203931203931207,28030,0.3331073849447021,-0.021068072905390034,-0.05244459038834273,0.012040276514490342,0.2224584080207279,0.2224584080207279,False,False,NS_380X,lenient,native,truth
<5%,vtype,21471,0.9985096176237716,111435,1.0,-0.0014903823762284496,-0.0021031567594856915,-0.001054591113114117,4.5439054492197913e-26,9.087810898439583e-26,False,False,IL_T_1,lenient,native,union
5-10%,vtype,8451,0.9719559815406461,96612,0.9999482465946259,-0.02799226505397978,-0.03173250093200484,-0.024680285997419643,0.0,0.0,False,False,IL_T_1,lenient,native,union
10-20%,vtype,8371,0.9199617727870028,58936,0.9158069770598616,0.0041547957271411695,-0.002247867041836156,0.010217523820452372,0.20640100166481257,0.20640100166481257,True,False,IL_T_1,lenient,native,union
>=20%,vtype,22579,0.6824482926613225,186043,0.5150153459146541,0.1674329467466683,0.16092152366143136,0.17388644988335128,0.0,0.0,True,True,IL_T_1,lenient,native,union
<5%,vtype,26343,0.997988080324944,127975,0.999992185973823,-0.0020041056488789843,-0.0026226655007246993,-0.0015293944773373998,8.774538198217745e-40,2.6323614594653235e-39,False,False,NV_T_1,lenient,native,union
5-10%,vtype,11368,0.9740499648135116,116290,0.999974202424972,-0.025924237611460454,-0.029010886602862905,-0.023157455142902777,1.3839524282868977e-305,5.535809713147591e-305,False,False,NV_T_1,lenient,native,union
10-20%,vtype,8283,0.9055897621634673,68531,0.931126059739388,-0.025536297575920686,-0.03228731500293215,-0.019131392761665023,2.061521482448712e-17,2.061521482448712e-17,False,False,NV_T_1,lenient,native,union
>=20%,vtype,20761,0.5718414334569626,201561,0.5347611889204756,0.03708024453648695,0.02999415783746018,0.04414144880321674,2.0459647874754314e-24,4.091929574950863e-24,True,True,NV_T_1,lenient,native,union
<5%,vtype,13745,0.9996362313568571,61231,1.0,-0.00036376864314291435,-0.0008513464622862399,-0.00014615165859084442,0.00020694470177842953,0.00020694470177842953,False,False,FD_T_1,lenient,native,union
5-10%,vtype,7010,0.9828815977175464,50452,0.9999801791802109,-0.01709858146266452,-0.020410247802072668,-0.014314365339599764,9.937380248490836e-109,2.981214074547251e-108,False,False,FD_T_1,lenient,native,union
10-20%,vtype,8686,0.9399032926548468,52394,0.9180631370004199,0.021840155654426985,0.01615127691644405,0.027203118032532635,3.0734427347120696e-12,6.146885469424139e-12,True,True,FD_T_1,lenient,native,union
>=20%,vtype,26659,0.7214449154131813,163983,0.5146570071287877,0.20678790828439364,0.20085927035170217,0.21265862861125337,0.0,0.0,True,True,FD_T_1,lenient,native,union
<5%,vtype,19707,0.9993403359212463,81839,1.0,-0.00065966407875373,-0.0011283945084618052,-0.0003815774136338853,5.52159256570666e-10,1.104318513141332e-09,False,False,NS_T_1,lenient,native,union
5-10%,vtype,9389,0.9796570454787518,76289,0.9999606758510401,-0.020303630372288328,-0.023361559043178503,-0.01763705772120529,5.892025257908041e-179,1.7676075773724124e-178,False,False,NS_T_1,lenient,native,union
10-20%,vtype,8877,0.9352258645938943,58076,0.9338969626007301,0.0013289019931642665,-0.00434312446508498,0.0066717950121370564,0.6549098776108411,0.6549098776108411,True,False,NS_T_1,lenient,native,union
>=20%,vtype,24937,0.7198139311063881,166838,0.5373236313070164,0.1824902997993717,0.176394132678667,0.18852492270216917,0.0,0.0,True,True,NS_T_1,lenient,native,union
<5%,vtype,29306,0.9939261584658432,215502,1.0,-0.006073841534156799,-0.007030438485895685,-0.005246524194516097,5.027347411669486e-165,1.5082042235008459e-164,False,False,NS_380X,lenient,native,union
5-10%,vtype,7738,0.9569656241922978,63146,0.9999683273683211,-0.04300270317602328,-0.047755637839195675,-0.0387024948489462,3.341e-319,1.33641e-318,False,False,NS_380X,lenient,native,union
10-20%,vtype,5891,0.8927177049736886,43217,0.9425920355415693,-0.04987433056788071,-0.05831402597369077,-0.04190676138702291,5.625558686871675e-49,1.125111737374335e-48,False,False,NS_380X,lenient,native,union
>=20%,vtype,23779,0.7338407838849405,209235,0.7200181613974718,0.013822622487468683,0.007850938642779772,0.01972545888402124,6.8619993274769925e-06,6.8619993274769925e-06,True,True,NS_380X,lenient,native,union
