all,n,K,n_all_agree,all_agree,all_agree_lo,all_agree_hi,majority,mean_frac_callers,detected,detected_discord,singleton,jaccard,fleiss_kappa,rate_MUTECT,rate_MUSE,rate_VARSCANS,rate_SOMATICSNIPER,rate_RADIA,vtype,grouping,filter,centers,vaf_bin,lc,rate_INDELOCATOR,rate_VARSCANI,rate_PINDEL
all,2756783,5,1798907,0.6525384841679596,0.6519761853794623,0.6531003578453842,0.8873966503711028,0.8702663938365841,2756783,0.34746151583204044,1.8137082244050402e-06,0.8152554126254439,0.2174484703460233,0.9708754733325039,0.9632060267347847,0.8743803919278377,0.7024568128866145,0.84041326430118,snv,all,PASS,starred_counted,,,,,
,28396,5,0,0.0,0.0,0.0001352633896306843,0.0,0.4,28396,1.0,0.0,0.1111111111111111,-0.2499999999999999,0.9988730807155938,1.0,0.0,0.0,0.0011269192844062545,snv,vaf_bin,PASS,starred_counted,<5%,,,,
,195608,5,4,2.0449061388082287e-05,7.952268448199648e-06,5.258322230933169e-05,0.41644002290294874,0.5033945441904216,195608,0.9999795509386119,5.112265347020572e-06,0.23070301026564902,-0.15982810981719867,0.9658602920125966,0.8961596662713182,0.49127336305263586,0.000143143429716576,0.16353625618584108,snv,vaf_bin,PASS,starred_counted,5-10%,,,,
,594127,5,169304,0.28496264266730853,0.28381623442631654,0.286111831633001,0.8871689049647634,0.7904841894073152,594127,0.7150373573326915,1.6831418198465984e-06,0.6468143532942823,0.0038687653916268786,0.9563628651786571,0.9323747279622033,0.8930279216396494,0.3032634436745006,0.8673919885815659,snv,vaf_bin,PASS,starred_counted,10-20%,,,,
,1938652,5,1629599,0.8405835601232197,0.8400675912335626,0.8410981792759166,0.9479834441663589,0.9386218877859461,1938652,0.15941643987678036,1.547467002845276e-06,0.9158109027374755,0.2808864557802138,0.9754190024821371,0.9788806861675019,0.9201280064704753,0.9059470188564013,0.912734724953215,snv,vaf_bin,PASS,starred_counted,>=20%,,,,
,2660031,5,1742704,0.6551442445595559,0.6545728159492942,0.6557152250702533,0.889103172105889,0.8716270599853913,2660031,0.3448557554404441,3.759354684212327e-07,0.8169481737904674,0.21726979690422385,0.972074761534734,0.9642928973384145,0.8756288930467352,0.7037109717894265,0.8424277762176455,snv,lc,PASS,starred_counted,,False,,,
,96752,5,56203,0.5808975525053746,0.5777853487120622,0.5840033326117661,0.840478749793286,0.8328572019183065,96752,0.41910244749462544,4.134281461881925e-05,0.768054507554008,0.21324379119583442,0.9379030924425334,0.9333243757234992,0.8400549859434431,0.6679758557962626,0.7850276996857946,snv,lc,PASS,starred_counted,,True,,,
,27091,5,0,0.0,1.3552527156068805e-20,0.0001417782357771849,0.0,0.4,27091,1.0,0.0,0.1111111111111111,-0.2499999999999999,0.9988926211657008,1.0,0.0,0.0,0.0011073788342992137,snv,vaf_bin+lc,PASS,starred_counted,<5%,False,,,
,1305,5,0,0.0,0.0,0.002935006982553408,0.0,0.4,1305,1.0,0.0,0.1111111111111111,-0.25,0.9984674329501916,1.0,0.0,0.0,0.0015325670498084292,snv,vaf_bin+lc,PASS,starred_counted,<5%,True,,,
,188729,5,4,2.1194411033810386e-05,8.242122434844113e-06,5.449978686490961e-05,0.4175034043522723,0.5037106115117443,188729,0.9999788055889662,5.298602758452596e-06,0.2310856120028159,-0.15963128824351594,0.9659988660990096,0.8958824557964065,0.49238855713748286,0.00012186786344440971,0.16416131066237832,snv,vaf_bin+lc,PASS,starred_counted,5-10%,False,,,
,6879,5,0,0.0,0.0,0.0005581210672477586,0.3872655909289141,0.4947230702136938,6879,1.0,0.0,0.2200664346146791,-0.1655899239561775,0.962058438726559,0.9037650821340311,0.4606774240441925,0.0007268498328245384,0.14638755633086203,snv,vaf_bin+lc,PASS,starred_counted,5-10%,True,,,
,573805,5,164317,0.28636383440367374,0.2851955974364607,0.28753493181664314,0.889019788952693,0.7916769634283424,573805,0.7136361655963263,0.0,0.6482643551799023,0.003016138394745615,0.9575238974913081,0.9334808863638344,0.8941190822666237,0.3042793283432525,0.8689816226766933,snv,vaf_bin+lc,PASS,starred_counted,10-20%,False,,,
,20322,5,4987,0.24539907489420332,0.23953112272682486,0.251363263074392,0.834907981497884,0.7568054325361677,20322,0.7546009251057967,4.920775514221041e-05,0.6052350782709502,0.019085131592041896,0.9235803562641473,0.9011416199192993,0.8622182856018108,0.2745792736935341,0.8225076272020471,snv,vaf_bin+lc,PASS,starred_counted,10-20%,True,,,
,1870406,5,1578383,0.8438718652527847,0.8433509726693559,0.8443913453440627,0.9495922275698431,0.9401090458435227,1870406,0.15612813474721532,0.0,0.9176993590739058,0.28037984284483164,0.9767633337360979,0.9801310517609546,0.9213090633798223,0.9074356048900613,0.9149061754506775,snv,vaf_bin+lc,PASS,starred_counted,>=20%,False,,,
,68246,5,51216,0.7504615655129971,0.747200826898284,0.7536941095482207,0.9038918031826041,0.8978636110541277,68246,0.2495384344870029,4.395862028543797e-05,0.8633688506837351,0.2759091158632981,0.9385751545878147,0.9446121384403482,0.8877589895378484,0.8651496058377047,0.8532221668669226,snv,vaf_bin+lc,PASS,starred_counted,>=20%,True,,,
all,3422928,5,2072922,0.6055990660627393,0.6050812089550348,0.6061166861488012,0.8330157689557011,0.8393369068820611,3422928,0.3944009339372607,2.337180332160069e-06,0.7808157378148933,0.23565150137893193,0.9144504354166959,0.9120557020188563,0.8745781389500451,0.657816641191401,0.8377836168333076,snv,all,all,starred_counted,,,,,
,41030,5,0,0.0,0.0,9.361684609882801e-05,0.0,0.4,41030,1.0,0.0,0.1111111111111111,-0.25,0.9990738484036071,1.0,0.0,0.0,0.0009261515963928833,snv,vaf_bin,all,starred_counted,<5%,,,,
,324075,5,9,2.77713492247165e-05,1.4611110529055343e-05,5.278439953379282e-05,0.3126807066265525,0.4773598704003703,324075,0.9999722286507753,3.0857054694129444e-06,0.22859079993065268,-0.17274344282336274,0.7381377767492093,0.6977150350998997,0.5990372598935432,0.00016971380081771194,0.35173956645838156,snv,vaf_bin,all,starred_counted,5-10%,,,,
,798544,5,195789,0.24518248211745378,0.24424016059803988,0.24612725526456214,0.7798668576809794,0.7413049249634335,798544,0.7548175178825463,2.5045582960989e-06,0.5946932610190047,0.04670370098744584,0.8354154561301569,0.823691618746118,0.9037548337975114,0.26274694944799537,0.8809157666953856,snv,vaf_bin,all,starred_counted,10-20%,,,,
,2259279,5,1877124,0.8308509042043944,0.830361509841733,0.831339173475411,0.941567199093162,0.9338876694733143,2259279,0.16914909579560558,2.213095416723654e-06,0.910159973631942,0.2852885161384936,0.9661391975050447,0.9724363392037902,0.9196726035164315,0.9037347755633545,0.9074554315779503,snv,vaf_bin,all,starred_counted,>=20%,,,,
,3305440,5,2008211,0.6075472554334672,0.6070207291758268,0.6080735317165972,0.8339485817319328,0.8402583014666731,3305440,0.39245274456653273,9.07594752892202e-07,0.7820629338152425,0.23627234914881143,0.9147414565080595,0.912286412701486,0.8759454112009294,0.6584373033544703,0.8398809235684206,snv,lc,all,starred_counted,,False,,,
,117488,5,64711,0.5507881655998911,0.5479422914814722,0.55363071862564,0.8067717554133188,0.8134141359117526,117488,0.4492118344001089,4.255753779109356e-05,0.745578843813216,0.21669933211793982,0.9062627672613374,0.9055648236415634,0.8361109219664987,0.6403547596350265,0.7787774070543375,snv,lc,all,starred_counted,,True,,,
,39155,5,0,0.0,0.0,9.809939920550995e-05,0.0,0.4,39155,1.0,0.0,0.1111111111111111,-0.25,0.9991061167156174,1.0,0.0,0.0,0.0008938832843825821,snv,vaf_bin+lc,all,starred_counted,<5%,False,,,
,1875,5,0,0.0,2.168404344971009e-19,0.002044589128401138,0.0,0.4,1875,1.0,0.0,0.1111111111111111,-0.25,0.9984,1.0,0.0,0.0,0.0016,snv,vaf_bin+lc,all,starred_counted,<5%,True,,,
,313751,5,9,2.8685167537314622e-05,1.5091892461246091e-05,5.4521244722999544e-05,0.3125089641148554,0.47735943471096504,313751,0.9999713148324627,3.1872408374794024e-06,0.2288340338515101,-0.17267512290505418,0.7351211629604367,0.694694200177848,0.6018913087129603,0.00015617480103649072,0.35493432690254373,snv,vaf_bin+lc,all,starred_counted,5-10%,False,,,
,10324,5,0,0.0,0.0,0.00037195176126694437,0.3179000387446726,0.47737311119721043,10324,1.0,0.0,0.2196564113136624,-0.1748197115453318,0.8298140255714839,0.7895195660596668,0.5123014335528865,0.000581170089112747,0.25464936071290195,snv,vaf_bin+lc,all,starred_counted,5-10%,True,,,
,772757,5,190000,0.24587289406631063,0.24491408599040232,0.2468342287164455,0.7799994047287828,0.7416823141039163,772757,0.7541271059336894,1.294067863506898e-06,0.5953125455900949,0.047071558524645535,0.8346763600976762,0.8230271611903871,0.9049934196649141,0.26308011444736185,0.8826345151192418,snv,vaf_bin+lc,all,starred_counted,10-20%,False,,,
,25787,5,5789,0.2244929615697832,0.21944158377500217,0.22962641105227016,0.7758948307286617,0.7299957342847171,25787,0.7755070384302167,3.8779229844495286e-05,0.5762437556000395,0.03534920812112746,0.8575638887811688,0.8436033660371505,0.8666382285647807,0.25276302012642027,0.8294101679140652,snv,vaf_bin+lc,all,starred_counted,10-20%,True,,,
,2179777,5,1818202,0.8341229400989184,0.8336285522973592,0.8346161502412459,0.943108859300745,0.9353476066588463,2179777,0.16587705990108162,4.5876252479037995e-07,0.9120355390283678,0.2852168432635842,0.9674641029793415,0.9736739125149041,0.9208285985217753,0.905174703650878,0.9095967156273326,snv,vaf_bin+lc,all,starred_counted,>=20%,False,,,
,79502,5,58922,0.7411385877084853,0.7380823024822535,0.7441715708996021,0.8992981308646323,0.8938592739805287,79502,0.25886141229151466,5.031319966793288e-05,0.8580761098057345,0.2740305940231824,0.9298130864632337,0.938504691705869,0.8879776609393475,0.8642549872959171,0.8487459434982768,snv,vaf_bin+lc,all,starred_counted,>=20%,True,,,
all,146573,3,89674,0.6118043568733669,0.609306560164242,0.6142962932865728,0.9963090064336542,0.8693711211023404,146573,0.3881956431266331,0.00369099356634578,0.7410123727512771,-0.13942302922034946,,,,,,indel,all,PASS,starred_counted,,,0.918225048269463,0.9228575522094792,0.7670307628280788
,9570,3,2038,0.212957157784744,0.20487083574514478,0.22127382900296452,0.9850574712643678,0.7326715430163705,9570,0.787042842215256,0.014942528735632184,0.4719524790504653,-0.3394379617033503,,,,,,indel,vaf_bin,PASS,starred_counted,5-10%,,0.8470219435736677,0.46008359456635317,0.8909090909090909
,34861,3,22426,0.6432976678810132,0.6382536466731983,0.648310111598885,0.9934023694099423,0.8789000124303185,34861,0.35670233211898683,0.006597630590057657,0.7616332753962549,-0.1171233381111311,,,,,,indel,vaf_bin,PASS,starred_counted,10-20%,,0.8353747741028656,0.8957287513266975,0.9055965118613923
,102142,3,65210,0.6384249378316461,0.63547332607366,0.6413661379333015,0.9983552309529871,0.8789267229282111,102142,0.36157506216835383,0.001644769047012982,0.7589074438558092,-0.13259919415889201,,,,,,indel,vaf_bin,PASS,starred_counted,>=20%,,0.9531730336198625,0.9754753186740028,0.7081318164907677
,101206,3,74262,0.7337707250558267,0.7310388554689893,0.7364848489254328,0.9960970693437148,0.9099559314665139,101206,0.26622927494417326,0.0039029306562852004,0.8222815738003474,-0.0830763796033523,,,,,,indel,lc,PASS,starred_counted,,False,0.9122482856747623,0.9022389976878841,0.915380511036895
,45367,3,15412,0.3397182974408711,0.3353738816750141,0.3440898546720524,0.9967818017501708,0.7788333663970141,45367,0.6602817025591289,0.003218198249829171,0.5596924838403589,-0.27774400242454145,,,,,,indel,lc,PASS,starred_counted,,True,0.9315581810567153,0.9688540128287081,0.43608790530561864
,8417,3,1777,0.2111203516692408,0.2025346653451061,0.21996960293011636,0.9865747891172627,0.7325650469288344,8417,0.7888796483307592,0.013425210882737317,0.47096565527894424,-0.34222442144261067,,,,,,indel,vaf_bin+lc,PASS,starred_counted,5-10%,False,0.8554116668646786,0.43091362718308185,0.911369846738743
,1153,3,261,0.2263660017346054,0.20314268151159126,0.2514066042278278,0.97398091934085,0.7334489736918184,1153,0.7736339982653946,0.026019080659150044,0.4798881799952992,-0.3190584127152418,,,,,,indel,vaf_bin+lc,PASS,starred_counted,5-10%,True,0.7857762359063313,0.6730268863833477,0.7415437987857763
,28103,3,19208,0.6834857488524357,0.6780230612427843,0.6888982812036649,0.9942710742625342,0.89258560770499,28103,0.3165142511475643,0.005728925737465751,0.7884888001423279,-0.10042299917230887,,,,,,indel,vaf_bin+lc,PASS,starred_counted,10-20%,False,0.8393765790129167,0.8868092374479593,0.9515710066540939
,6758,3,3218,0.47617638354542763,0.46428593370143423,0.4880939021818874,0.9897898786623262,0.8219887540692512,6758,0.5238236164545723,0.010210121337673869,0.6500001924597286,-0.19330237263127795,,,,,,indel,vaf_bin+lc,PASS,starred_counted,10-20%,True,0.8187333530630364,0.9328203610535661,0.7144125480911512
,64686,3,53277,0.8236248956497542,0.8206685509688507,0.8265428048767454,0.9981294252233868,0.9405847736243803,64686,0.1763751043502458,0.0018705747766131775,0.8823696422896351,-0.05201111607897703,,,,,,indel,vaf_bin+lc,PASS,starred_counted,>=20%,False,0.9513032186253594,0.9702717744179575,0.9001793278298241
,37456,3,11933,0.31858714224690304,0.31388742164655575,0.32332407016022674,0.998745194361384,0.7724441122027623,37456,0.681412857753097,0.0012548056386159762,0.5456742910039246,-0.2922124626467421,,,,,,indel,vaf_bin+lc,PASS,starred_counted,>=20%,True,0.9564021785561726,0.9844617684750107,0.3764683895771038
all,172470,3,103201,0.5983707311416478,0.5960549601879287,0.6006821201310105,0.9959587174581087,0.8647764828665855,172470,0.40162926885835215,0.004041282541891344,0.7320256482714064,-0.14484845284449288,,,,,,indel,all,all,starred_counted,,,0.9133472487968922,0.9181480837247058,0.7628341160781585
,11537,3,2479,0.21487388402530988,0.2074745830252161,0.22246299791506668,0.9852648002080263,0.733379561411112,11537,0.7851261159746902,0.01473519979197365,0.47333046678917157,-0.33843081853366624,,,,,,indel,vaf_bin,all,starred_counted,5-10%,,0.8518679032677472,0.4664124122388836,0.8818583687267054
,41819,3,26216,0.6268920825462111,0.6222453571607497,0.6315154976690135,0.9927305770104498,0.8732075531855537,41819,0.37310791745378896,0.007269422989550204,0.7506073531134941,-0.12331703184504333,,,,,,indel,vaf_bin,all,starred_counted,10-20%,,0.8345967144121094,0.8824936033860207,0.9025323417585308
,119114,3,74506,0.6255016202965227,0.622749050156301,0.6282460957751824,0.9981278439142334,0.8745431547369188,119114,0.3744983797034773,0.0018721560857665766,0.7502807927057543,-0.13776633895437235,,,,,,indel,vaf_bin,all,starred_counted,>=20%,,0.9469499806907669,0.9744194637070369,0.7022600198129523
,119610,3,85901,0.718175737814564,0.7156191807998213,0.7207182811816841,0.9958364685226988,0.9046707354457543,119610,0.281824262185436,0.004163531477301229,0.8118560274681424,-0.08928203121327168,,,,,,indel,lc,all,starred_counted,,False,0.9081765738650615,0.8962962962962963,0.909539336175905
,52860,3,17300,0.32727960650775634,0.3232922713585404,0.3312920438160582,0.9962353386303443,0.7745049817127002,52860,0.6727203934922437,0.0037646613696556944,0.5513771591036223,-0.28396200269977284,,,,,,indel,lc,all,starred_counted,,True,0.9250472947408248,0.9675936435868332,0.4308740068104427
,10133,3,2156,0.21277015691305634,0.20491111385544727,0.22084689729162585,0.9868745682423764,0.7332149083851442,10133,0.7872298430869437,0.013125431757623606,0.4721758254452908,-0.34149003514475995,,,,,,indel,vaf_bin+lc,all,starred_counted,5-10%,False,0.860850685877825,0.43511299713806373,0.903681042139544
,1404,3,323,0.23005698005698005,0.20879663317450337,0.25279046866084565,0.9736467236467237,0.7345679012345679,1404,0.76994301994302,0.026353276353276354,0.4824827312635165,-0.31629109604485844,,,,,,indel,vaf_bin+lc,all,starred_counted,5-10%,True,0.7870370370370371,0.6923076923076923,0.7243589743589743
,33836,3,22489,0.66464712140915,0.6595982510195921,0.6696586107053237,0.9937935926232415,0.8861469046774638,33836,0.33535287859085,0.006206407376758482,0.7758587165470807,-0.10797565194337781,,,,,,indel,vaf_bin+lc,all,starred_counted,10-20%,False,0.8397564723962644,0.8714978129802577,0.9471864286558694
,7983,3,3727,0.4668670925717149,0.4559415656078863,0.47782449163420776,0.9882249780784166,0.8183640235500439,7983,0.5331329074282851,0.011775021921583365,0.6436461896538384,-0.19554474102302966,,,,,,indel,vaf_bin+lc,all,starred_counted,10-20%,True,0.8127270449705625,0.9290993360891895,0.7132656895903795
,75641,3,61256,0.8098253592628336,0.8070129807608075,0.8126062701502474,0.9979508467629989,0.9359254020086109,75641,0.19017464073716636,0.0020491532370010973,0.8731596844648704,-0.05707116217158821,,,,,,indel,vaf_bin+lc,all,starred_counted,>=20%,False,0.9451223542787641,0.9691701590407319,0.8934836927063365
,43473,3,13250,0.3047868792123847,0.30047719961055014,0.3091310554859921,0.9984358107330987,0.7677408966484944,43473,0.6952131207876153,0.001564189266901295,0.5364683398689829,-0.299598748918805,,,,,,indel,vaf_bin+lc,all,starred_counted,>=20%,True,0.9501299657258528,0.9835530099141996,0.369539714305431
all,2756783,5,1798907,0.6525384841679596,0.6519761853794623,0.6531003578453842,0.8873966503711028,0.8702663938365841,2756783,0.34746151583204044,1.8137082244050402e-06,0.8152554126254439,0.2174484703460233,0.9708754733325039,0.9632060267347847,0.8743803919278377,0.7024568128866145,0.84041326430118,snv,all,PASS,strict,,,,,
,28396,5,0,0.0,0.0,0.0001352633896306843,0.0,0.4,28396,1.0,0.0,0.1111111111111111,-0.2499999999999999,0.9988730807155938,1.0,0.0,0.0,0.0011269192844062545,snv,vaf_bin,PASS,strict,<5%,,,,
,195608,5,4,2.0449061388082287e-05,7.952268448199648e-06,5.258322230933169e-05,0.41644002290294874,0.5033945441904216,195608,0.9999795509386119,5.112265347020572e-06,0.23070301026564902,-0.15982810981719867,0.9658602920125966,0.8961596662713182,0.49127336305263586,0.000143143429716576,0.16353625618584108,snv,vaf_bin,PASS,strict,5-10%,,,,
,594127,5,169304,0.28496264266730853,0.28381623442631654,0.286111831633001,0.8871689049647634,0.7904841894073152,594127,0.7150373573326915,1.6831418198465984e-06,0.6468143532942823,0.0038687653916268786,0.9563628651786571,0.9323747279622033,0.8930279216396494,0.3032634436745006,0.8673919885815659,snv,vaf_bin,PASS,strict,10-20%,,,,
,1938652,5,1629599,0.8405835601232197,0.8400675912335626,0.8410981792759166,0.9479834441663589,0.9386218877859461,1938652,0.15941643987678036,1.547467002845276e-06,0.9158109027374755,0.2808864557802138,0.9754190024821371,0.9788806861675019,0.9201280064704753,0.9059470188564013,0.912734724953215,snv,vaf_bin,PASS,strict,>=20%,,,,
,2660031,5,1742704,0.6551442445595559,0.6545728159492942,0.6557152250702533,0.889103172105889,0.8716270599853913,2660031,0.3448557554404441,3.759354684212327e-07,0.8169481737904674,0.21726979690422385,0.972074761534734,0.9642928973384145,0.8756288930467352,0.7037109717894265,0.8424277762176455,snv,lc,PASS,strict,,False,,,
,96752,5,56203,0.5808975525053746,0.5777853487120622,0.5840033326117661,0.840478749793286,0.8328572019183065,96752,0.41910244749462544,4.134281461881925e-05,0.768054507554008,0.21324379119583442,0.9379030924425334,0.9333243757234992,0.8400549859434431,0.6679758557962626,0.7850276996857946,snv,lc,PASS,strict,,True,,,
,27091,5,0,0.0,1.3552527156068805e-20,0.0001417782357771849,0.0,0.4,27091,1.0,0.0,0.1111111111111111,-0.2499999999999999,0.9988926211657008,1.0,0.0,0.0,0.0011073788342992137,snv,vaf_bin+lc,PASS,strict,<5%,False,,,
,1305,5,0,0.0,0.0,0.002935006982553408,0.0,0.4,1305,1.0,0.0,0.1111111111111111,-0.25,0.9984674329501916,1.0,0.0,0.0,0.0015325670498084292,snv,vaf_bin+lc,PASS,strict,<5%,True,,,
,188729,5,4,2.1194411033810386e-05,8.242122434844113e-06,5.449978686490961e-05,0.4175034043522723,0.5037106115117443,188729,0.9999788055889662,5.298602758452596e-06,0.2310856120028159,-0.15963128824351594,0.9659988660990096,0.8958824557964065,0.49238855713748286,0.00012186786344440971,0.16416131066237832,snv,vaf_bin+lc,PASS,strict,5-10%,False,,,
,6879,5,0,0.0,0.0,0.0005581210672477586,0.3872655909289141,0.4947230702136938,6879,1.0,0.0,0.2200664346146791,-0.1655899239561775,0.962058438726559,0.9037650821340311,0.4606774240441925,0.0007268498328245384,0.14638755633086203,snv,vaf_bin+lc,PASS,strict,5-10%,True,,,
,573805,5,164317,0.28636383440367374,0.2851955974364607,0.28753493181664314,0.889019788952693,0.7916769634283424,573805,0.7136361655963263,0.0,0.6482643551799023,0.003016138394745615,0.9575238974913081,0.9334808863638344,0.8941190822666237,0.3042793283432525,0.8689816226766933,snv,vaf_bin+lc,PASS,strict,10-20%,False,,,
,20322,5,4987,0.24539907489420332,0.23953112272682486,0.251363263074392,0.834907981497884,0.7568054325361677,20322,0.7546009251057967,4.920775514221041e-05,0.6052350782709502,0.019085131592041896,0.9235803562641473,0.9011416199192993,0.8622182856018108,0.2745792736935341,0.8225076272020471,snv,vaf_bin+lc,PASS,strict,10-20%,True,,,
,1870406,5,1578383,0.8438718652527847,0.8433509726693559,0.8443913453440627,0.9495922275698431,0.9401090458435227,1870406,0.15612813474721532,0.0,0.9176993590739058,0.28037984284483164,0.9767633337360979,0.9801310517609546,0.9213090633798223,0.9074356048900613,0.9149061754506775,snv,vaf_bin+lc,PASS,strict,>=20%,False,,,
,68246,5,51216,0.7504615655129971,0.747200826898284,0.7536941095482207,0.9038918031826041,0.8978636110541277,68246,0.2495384344870029,4.395862028543797e-05,0.8633688506837351,0.2759091158632981,0.9385751545878147,0.9446121384403482,0.8877589895378484,0.8651496058377047,0.8532221668669226,snv,vaf_bin+lc,PASS,strict,>=20%,True,,,
all,3422928,5,2072922,0.6055990660627393,0.6050812089550348,0.6061166861488012,0.8330157689557011,0.8393369068820611,3422928,0.3944009339372607,2.337180332160069e-06,0.7808157378148933,0.23565150137893193,0.9144504354166959,0.9120557020188563,0.8745781389500451,0.657816641191401,0.8377836168333076,snv,all,all,strict,,,,,
,41030,5,0,0.0,0.0,9.361684609882801e-05,0.0,0.4,41030,1.0,0.0,0.1111111111111111,-0.25,0.9990738484036071,1.0,0.0,0.0,0.0009261515963928833,snv,vaf_bin,all,strict,<5%,,,,
,324075,5,9,2.77713492247165e-05,1.4611110529055343e-05,5.278439953379282e-05,0.3126807066265525,0.4773598704003703,324075,0.9999722286507753,3.0857054694129444e-06,0.22859079993065268,-0.17274344282336274,0.7381377767492093,0.6977150350998997,0.5990372598935432,0.00016971380081771194,0.35173956645838156,snv,vaf_bin,all,strict,5-10%,,,,
,798544,5,195789,0.24518248211745378,0.24424016059803988,0.24612725526456214,0.7798668576809794,0.7413049249634335,798544,0.7548175178825463,2.5045582960989e-06,0.5946932610190047,0.04670370098744584,0.8354154561301569,0.823691618746118,0.9037548337975114,0.26274694944799537,0.8809157666953856,snv,vaf_bin,all,strict,10-20%,,,,
,2259279,5,1877124,0.8308509042043944,0.830361509841733,0.831339173475411,0.941567199093162,0.9338876694733143,2259279,0.16914909579560558,2.213095416723654e-06,0.910159973631942,0.2852885161384936,0.9661391975050447,0.9724363392037902,0.9196726035164315,0.9037347755633545,0.9074554315779503,snv,vaf_bin,all,strict,>=20%,,,,
,3305440,5,2008211,0.6075472554334672,0.6070207291758268,0.6080735317165972,0.8339485817319328,0.8402583014666731,3305440,0.39245274456653273,9.07594752892202e-07,0.7820629338152425,0.23627234914881143,0.9147414565080595,0.912286412701486,0.8759454112009294,0.6584373033544703,0.8398809235684206,snv,lc,all,strict,,False,,,
,117488,5,64711,0.5507881655998911,0.5479422914814722,0.55363071862564,0.8067717554133188,0.8134141359117526,117488,0.4492118344001089,4.255753779109356e-05,0.745578843813216,0.21669933211793982,0.9062627672613374,0.9055648236415634,0.8361109219664987,0.6403547596350265,0.7787774070543375,snv,lc,all,strict,,True,,,
,39155,5,0,0.0,0.0,9.809939920550995e-05,0.0,0.4,39155,1.0,0.0,0.1111111111111111,-0.25,0.9991061167156174,1.0,0.0,0.0,0.0008938832843825821,snv,vaf_bin+lc,all,strict,<5%,False,,,
,1875,5,0,0.0,2.168404344971009e-19,0.002044589128401138,0.0,0.4,1875,1.0,0.0,0.1111111111111111,-0.25,0.9984,1.0,0.0,0.0,0.0016,snv,vaf_bin+lc,all,strict,<5%,True,,,
,313751,5,9,2.8685167537314622e-05,1.5091892461246091e-05,5.4521244722999544e-05,0.3125089641148554,0.47735943471096504,313751,0.9999713148324627,3.1872408374794024e-06,0.2288340338515101,-0.17267512290505418,0.7351211629604367,0.694694200177848,0.6018913087129603,0.00015617480103649072,0.35493432690254373,snv,vaf_bin+lc,all,strict,5-10%,False,,,
,10324,5,0,0.0,0.0,0.00037195176126694437,0.3179000387446726,0.47737311119721043,10324,1.0,0.0,0.2196564113136624,-0.1748197115453318,0.8298140255714839,0.7895195660596668,0.5123014335528865,0.000581170089112747,0.25464936071290195,snv,vaf_bin+lc,all,strict,5-10%,True,,,
,772757,5,190000,0.24587289406631063,0.24491408599040232,0.2468342287164455,0.7799994047287828,0.7416823141039163,772757,0.7541271059336894,1.294067863506898e-06,0.5953125455900949,0.047071558524645535,0.8346763600976762,0.8230271611903871,0.9049934196649141,0.26308011444736185,0.8826345151192418,snv,vaf_bin+lc,all,strict,10-20%,False,,,
,25787,5,5789,0.2244929615697832,0.21944158377500217,0.22962641105227016,0.7758948307286617,0.7299957342847171,25787,0.7755070384302167,3.8779229844495286e-05,0.5762437556000395,0.03534920812112746,0.8575638887811688,0.8436033660371505,0.8666382285647807,0.25276302012642027,0.8294101679140652,snv,vaf_bin+lc,all,strict,10-20%,True,,,
,2179777,5,1818202,0.8341229400989184,0.8336285522973592,0.8346161502412459,0.943108859300745,0.9353476066588463,2179777,0.16587705990108162,4.5876252479037995e-07,0.9120355390283678,0.2852168432635842,0.9674641029793415,0.9736739125149041,0.9208285985217753,0.905174703650878,0.9095967156273326,snv,vaf_bin+lc,all,strict,>=20%,False,,,
,79502,5,58922,0.7411385877084853,0.7380823024822535,0.7441715708996021,0.8992981308646323,0.8938592739805287,79502,0.25886141229151466,5.031319966793288e-05,0.8580761098057345,0.2740305940231824,0.9298130864632337,0.938504691705869,0.8879776609393475,0.8642549872959171,0.8487459434982768,snv,vaf_bin+lc,all,strict,>=20%,True,,,
all,146573,3,0,0.0,0.0,2.620781552161734e-05,0.2329078343214644,0.4109692781071548,146573,1.0,0.7670921656785357,0.3332454778848313,-0.3769920757683249,,,,,,indel,all,PASS,strict,,,0.23294876955510224,0.23292830193828332,0.7670307628280788
,9570,3,0,0.0,0.0,0.0004012452929387987,0.1089864158829676,0.3696621386276559,9570,1.0,0.8910135841170324,0.3330140485312899,-0.43054123136935457,,,,,,indel,vaf_bin,PASS,strict,5-10%,,0.10909090909090909,0.1089864158829676,0.8909090909090909
,34861,3,0,0.0,0.0,0.00011018145099645215,0.0943461174378245,0.3647820391459415,34861,1.0,0.9056538825621755,0.3331307606603869,-0.43854194390394685,,,,,,indel,vaf_bin,PASS,strict,10-20%,,0.09440348813860762,0.0943461174378245,0.9055965118613923
,102142,3,0,0.0,0.0,3.760758897113574e-05,0.2918094417575532,0.43060314725251775,102142,1.0,0.7081905582424468,0.33326624625430473,-0.35952276201916455,,,,,,indel,vaf_bin,PASS,strict,>=20%,,0.29183881263339273,0.29183881263339273,0.7081318164907677
,101206,3,0,0.0,0.0,3.795538818482491e-05,0.08457996561468688,0.36152665520489563,101206,1.0,0.9154200343853132,0.3331776428460221,-0.4440946239992863,,,,,,indel,lc,PASS,strict,,False,0.08461948896310495,0.08457996561468688,0.915380511036895
,45367,3,0,0.0,0.0,8.466800917017807e-05,0.5638018824255516,0.5212672941418505,45367,1.0,0.4361981175744484,0.33326818590470236,-0.33574996040772315,,,,,,indel,lc,PASS,strict,,True,0.5638459673330836,0.5638680097868495,0.43608790530561864
,8417,3,0,0.0,2.710505431213761e-20,0.00045618467459332824,0.08851134608530355,0.3628371153617678,8417,1.0,0.9114886539146965,0.33288650580875784,-0.44183834086287316,,,,,,indel,vaf_bin+lc,PASS,strict,5-10%,False,0.08863015326125698,0.08851134608530355,0.911369846738743
,1153,3,0,0.0,0.0,0.003320644148257083,0.25845620121422375,0.41948540040474125,1153,1.0,0.7415437987857763,0.3333333333333333,-0.3688275842186046,,,,,,indel,vaf_bin+lc,PASS,strict,5-10%,True,0.25845620121422375,0.25845620121422375,0.7415437987857763
,28103,3,0,0.0,0.0,0.0001366734439485932,0.04835782656655873,0.3494526088555196,28103,1.0,0.9516421734334413,0.3328434974283615,-0.4662617947089594,,,,,,indel,vaf_bin+lc,PASS,strict,10-20%,False,0.048428993345906134,0.04835782656655873,0.9515710066540939
,6758,3,0,0.0,0.0,0.0005681083835059479,0.28558745190884877,0.42852915063628294,6758,1.0,0.7144125480911512,0.3333333333333333,-0.36114468977132813,,,,,,indel,vaf_bin+lc,PASS,strict,10-20%,True,0.28558745190884877,0.28558745190884877,0.7144125480911512
,64686,3,0,0.0,0.0,5.938272121349169e-05,0.09980521287450143,0.36660173762483383,64686,1.0,0.9001947871254986,0.3332817097723401,-0.43551375605015386,,,,,,indel,vaf_bin+lc,PASS,strict,>=20%,False,0.09982067217017593,0.09980521287450143,0.9001793278298241
,37456,3,0,0.0,0.0,0.00010254872073916837,0.6233981204613414,0.5411327068204471,37456,1.0,0.3766018795386587,0.3332619710269036,-0.34241828098479005,,,,,,indel,vaf_bin+lc,PASS,strict,>=20%,True,0.6234515164459633,0.6234782144382742,0.3764683895771038
all,172470,3,0,0.0,1.6940658945086007e-21,2.227270401240121e-05,0.23708471038441467,0.41236157012813823,172470,1.0,0.7629152896155853,0.33321924506160766,-0.375594310886275,,,,,,indel,all,all,strict,,,0.2371310952629443,0.2371194990433119,0.7628341160781585
,11537,3,0,0.0,0.0,0.00033285777596035585,0.11796827598162433,0.3726560919938748,11537,1.0,0.8820317240183757,0.33284421618977744,-0.4258204357916711,,,,,,indel,vaf_bin,all,strict,5-10%,,0.11814163127329462,0.11796827598162433,0.8818583687267054
,41819,3,0,0.0,0.0,9.185073722158441e-05,0.09739592051459862,0.3657986401715329,41819,1.0,0.9026040794854013,0.33308799476611056,-0.43684357294944126,,,,,,indel,vaf_bin,all,strict,10-20%,,0.09746765824146919,0.09739592051459862,0.9025323417585308
,119114,3,0,0.0,0.0,3.224923129607017e-05,0.2976644223181154,0.43255480743937186,119114,1.0,0.7023355776818846,0.3332487428920532,-0.35804349975497335,,,,,,indel,vaf_bin,all,strict,>=20%,,0.2976896082744262,0.29771479423073693,0.7022600198129523
,119610,3,0,0.0,0.0,3.21155041410205e-05,0.09038541927932447,0.3634618064264415,119610,1.0,0.9096145807206756,0.3330560690080098,-0.44077278769592826,,,,,,indel,lc,all,strict,,False,0.09043558230917148,0.09041050079424798,0.909539336175905
,52860,3,0,0.0,0.0,7.266703884329905e-05,0.5690314037079077,0.5230104679026358,52860,1.0,0.43096859629209233,0.33327793289899393,-0.33616322888740213,,,,,,indel,lc,all,strict,,True,0.5690692395005675,0.5690881573968974,0.4308740068104427
,10133,3,0,0.0,0.0,0.0003789601362810537,0.09612158294680746,0.36537386098226915,10133,1.0,0.9038784170531925,0.3326502732240437,-0.4375511780951319,,,,,,indel,vaf_bin+lc,all,strict,5-10%,False,0.09631895786045594,0.09612158294680746,0.903681042139544
,1404,3,0,0.0,2.168404344971009e-19,0.0027286160644196386,0.27564102564102566,0.4252136752136752,1404,1.0,0.7243589743589743,0.3333333333333333,-0.36384524854757044,,,,,,indel,vaf_bin+lc,all,strict,5-10%,True,0.27564102564102566,0.27564102564102566,0.7243589743589743
,33836,3,0,0.0,6.776263578034403e-21,0.0001135188185018169,0.052724908381605394,0.3509083027938685,33836,1.0,0.9472750916183946,0.3327737362432382,-0.46345390295654965,,,,,,indel,vaf_bin+lc,all,strict,10-20%,False,0.05281357134413051,0.052724908381605394,0.9471864286558694
,7983,3,0,0.0,2.710505431213761e-20,0.00048097346623196145,0.28673431040962044,0.4289114368032068,7983,1.0,0.7132656895903795,0.3333333333333333,-0.3608418466707528,,,,,,indel,vaf_bin+lc,all,strict,10-20%,True,0.28673431040962044,0.28673431040962044,0.7132656895903795
,75641,3,0,0.0,0.0,5.078282598801303e-05,0.1064634259198054,0.3688211419732685,75641,1.0,0.8935365740801946,0.33316784576558683,-0.4318927618848098,,,,,,indel,vaf_bin+lc,all,strict,>=20%,False,0.10647664626326991,0.10650308695019897,0.8934836927063365
,43473,3,0,0.0,0.0,8.835643739972651e-05,0.6303452717778851,0.5434484239259617,43473,1.0,0.36965472822211487,0.3332725238373224,-0.3434780193771111,,,,,,indel,vaf_bin+lc,all,strict,>=20%,True,0.6303912773445587,0.6304142801278955,0.369539714305431
