source,hypothesis,context,bins_tested,bins_sig_support,bins_sig_reversed,verdict,per_bin
D1 SEQC2 ensemble,H3 indel>SNV,lenient | native | truth | FD_T_1,4,1,3,mixed (reversed in some bins),"<5%: -0.18 [-0.27,-0.12]; 5-10%: -0.50 [-0.55,-0.44]; 10-20%: -0.24 [-0.28,-0.20]; >=20%: +0.05 [+0.03,+0.07]"
D1 SEQC2 ensemble,H3 indel>SNV,lenient | native | truth | IL_T_1,4,1,3,mixed (reversed in some bins),"<5%: -0.24 [-0.33,-0.16]; 5-10%: -0.54 [-0.60,-0.48]; 10-20%: -0.18 [-0.21,-0.14]; >=20%: +0.06 [+0.04,+0.08]"
D1 SEQC2 ensemble,H3 indel>SNV,lenient | native | truth | NS_380X,4,0,3,reversed,"<5%: -0.39 [-0.49,-0.30]; 5-10%: -0.74 [-0.79,-0.69]; 10-20%: -0.41 [-0.44,-0.36]; >=20%: -0.02 [-0.05,+0.01]"
D1 SEQC2 ensemble,H3 indel>SNV,lenient | native | truth | NS_T_1,4,0,3,reversed,"<5%: -0.24 [-0.33,-0.17]; 5-10%: -0.53 [-0.58,-0.47]; 10-20%: -0.28 [-0.32,-0.24]; >=20%: +0.01 [-0.01,+0.04]"
D1 SEQC2 ensemble,H3 indel>SNV,lenient | native | truth | NV_T_1,4,1,3,mixed (reversed in some bins),"<5%: -0.37 [-0.46,-0.28]; 5-10%: -0.73 [-0.77,-0.67]; 10-20%: -0.22 [-0.25,-0.18]; >=20%: +0.09 [+0.07,+0.12]"
D1 SEQC2 ensemble,H3 indel>SNV,lenient | native | union | FD_T_1,4,2,2,mixed (reversed in some bins),"<5%: -0.00 [-0.00,-0.00]; 5-10%: -0.02 [-0.02,-0.01]; 10-20%: +0.02 [+0.02,+0.03]; >=20%: +0.21 [+0.20,+0.21]"
D1 SEQC2 ensemble,H3 indel>SNV,lenient | native | union | IL_T_1,4,1,2,mixed (reversed in some bins),"<5%: -0.00 [-0.00,-0.00]; 5-10%: -0.03 [-0.03,-0.02]; 10-20%: +0.00 [-0.00,+0.01]; >=20%: +0.17 [+0.16,+0.17]"
D1 SEQC2 ensemble,H3 indel>SNV,lenient | native | union | NS_380X,4,1,3,mixed (reversed in some bins),"<5%: -0.01 [-0.01,-0.01]; 5-10%: -0.04 [-0.05,-0.04]; 10-20%: -0.05 [-0.06,-0.04]; >=20%: +0.01 [+0.01,+0.02]"
D1 SEQC2 ensemble,H3 indel>SNV,lenient | native | union | NS_T_1,4,1,2,mixed (reversed in some bins),"<5%: -0.00 [-0.00,-0.00]; 5-10%: -0.02 [-0.02,-0.02]; 10-20%: +0.00 [-0.00,+0.01]; >=20%: +0.18 [+0.18,+0.19]"
D1 SEQC2 ensemble,H3 indel>SNV,lenient | native | union | NV_T_1,4,1,3,mixed (reversed in some bins),"<5%: -0.00 [-0.00,-0.00]; 5-10%: -0.03 [-0.03,-0.02]; 10-20%: -0.03 [-0.03,-0.02]; >=20%: +0.04 [+0.03,+0.04]"
D1 SEQC2 ensemble,H3 indel>SNV,strict | native | truth | FD_T_1,4,1,3,mixed (reversed in some bins),"<5%: -0.18 [-0.27,-0.12]; 5-10%: -0.54 [-0.60,-0.49]; 10-20%: -0.36 [-0.39,-0.31]; >=20%: +0.04 [+0.02,+0.06]"
D1 SEQC2 ensemble,H3 indel>SNV,strict | native | truth | IL_T_1,4,1,3,mixed (reversed in some bins),"<5%: -0.23 [-0.32,-0.16]; 5-10%: -0.59 [-0.64,-0.53]; 10-20%: -0.28 [-0.31,-0.24]; >=20%: +0.06 [+0.04,+0.09]"
D1 SEQC2 ensemble,H3 indel>SNV,strict | native | truth | NS_380X,4,0,3,reversed,"<5%: -0.39 [-0.49,-0.30]; 5-10%: -0.74 [-0.79,-0.69]; 10-20%: -0.47 [-0.50,-0.42]; >=20%: -0.02 [-0.05,+0.01]"
D1 SEQC2 ensemble,H3 indel>SNV,strict | native | truth | NS_T_1,4,0,3,reversed,"<5%: -0.25 [-0.34,-0.17]; 5-10%: -0.55 [-0.61,-0.49]; 10-20%: -0.40 [-0.44,-0.36]; >=20%: +0.01 [-0.01,+0.04]"
D1 SEQC2 ensemble,H3 indel>SNV,strict | native | truth | NV_T_1,4,1,3,mixed (reversed in some bins),"<5%: -0.37 [-0.47,-0.28]; 5-10%: -0.76 [-0.80,-0.71]; 10-20%: -0.31 [-0.35,-0.28]; >=20%: +0.10 [+0.08,+0.12]"
D1 SEQC2 ensemble,H3 indel>SNV,strict | native | truth_obsvaf | FD_T_1,4,1,3,mixed (reversed in some bins),"<5%: -0.09 [-0.21,-0.03]; 5-10%: -0.55 [-0.62,-0.47]; 10-20%: -0.42 [-0.45,-0.38]; >=20%: +0.04 [+0.03,+0.06]"
D1 SEQC2 ensemble,H3 indel>SNV,strict | native | truth_obsvaf | IL_T_1,4,1,3,mixed (reversed in some bins),"<5%: -0.13 [-0.21,-0.08]; 5-10%: -0.71 [-0.76,-0.64]; 10-20%: -0.30 [-0.34,-0.27]; >=20%: +0.05 [+0.03,+0.07]"
D1 SEQC2 ensemble,H3 indel>SNV,strict | native | truth_obsvaf | NS_380X,4,0,3,reversed,"<5%: -0.32 [-0.41,-0.24]; 5-10%: -0.77 [-0.82,-0.72]; 10-20%: -0.49 [-0.53,-0.45]; >=20%: -0.02 [-0.05,+0.01]"
D1 SEQC2 ensemble,H3 indel>SNV,strict | native | truth_obsvaf | NS_T_1,4,0,3,reversed,"<5%: -0.08 [-0.17,-0.03]; 5-10%: -0.58 [-0.65,-0.51]; 10-20%: -0.47 [-0.50,-0.43]; >=20%: +0.01 [-0.01,+0.04]"
D1 SEQC2 ensemble,H3 indel>SNV,strict | native | truth_obsvaf | NV_T_1,4,1,3,mixed (reversed in some bins),"<5%: -0.30 [-0.42,-0.20]; 5-10%: -0.76 [-0.81,-0.70]; 10-20%: -0.33 [-0.36,-0.30]; >=20%: +0.08 [+0.06,+0.10]"
D1 SEQC2 ensemble,H3 indel>SNV,strict | native | union | FD_T_1,4,2,2,mixed (reversed in some bins),"<5%: -0.00 [-0.00,-0.00]; 5-10%: -0.02 [-0.03,-0.02]; 10-20%: +0.01 [+0.00,+0.02]; >=20%: +0.21 [+0.20,+0.22]"
D1 SEQC2 ensemble,H3 indel>SNV,strict | native | union | IL_T_1,4,1,2,mixed (reversed in some bins),"<5%: -0.00 [-0.00,-0.00]; 5-10%: -0.03 [-0.04,-0.03]; 10-20%: -0.00 [-0.01,+0.01]; >=20%: +0.20 [+0.19,+0.21]"
D1 SEQC2 ensemble,H3 indel>SNV,strict | native | union | NS_380X,4,1,3,mixed (reversed in some bins),"<5%: -0.01 [-0.01,-0.01]; 5-10%: -0.05 [-0.06,-0.05]; 10-20%: -0.05 [-0.06,-0.05]; >=20%: +0.01 [+0.01,+0.02]"
D1 SEQC2 ensemble,H3 indel>SNV,strict | native | union | NS_T_1,4,1,3,mixed (reversed in some bins),"<5%: -0.00 [-0.00,-0.00]; 5-10%: -0.02 [-0.03,-0.02]; 10-20%: -0.01 [-0.02,-0.01]; >=20%: +0.21 [+0.20,+0.22]"
D1 SEQC2 ensemble,H3 indel>SNV,strict | native | union | NV_T_1,4,1,3,mixed (reversed in some bins),"<5%: -0.00 [-0.00,-0.00]; 5-10%: -0.03 [-0.03,-0.03]; 10-20%: -0.03 [-0.04,-0.02]; >=20%: +0.06 [+0.05,+0.07]"
D1 SEQC2 ensemble,H3 indel>SNV,strict | native | union_hc | FD_T_1,4,2,1,mixed (reversed in some bins),"<5%: -0.00 [-0.00,+0.00]; 5-10%: -0.03 [-0.04,-0.03]; 10-20%: +0.04 [+0.03,+0.05]; >=20%: +0.48 [+0.46,+0.49]"
D1 SEQC2 ensemble,H3 indel>SNV,strict | native | union_hc | IL_T_1,4,2,2,mixed (reversed in some bins),"<5%: -0.00 [-0.00,-0.00]; 5-10%: -0.05 [-0.05,-0.04]; 10-20%: +0.03 [+0.02,+0.05]; >=20%: +0.46 [+0.45,+0.48]"
D1 SEQC2 ensemble,H3 indel>SNV,strict | native | union_hc | NS_380X,4,1,3,mixed (reversed in some bins),"<5%: -0.01 [-0.01,-0.01]; 5-10%: -0.08 [-0.09,-0.07]; 10-20%: -0.12 [-0.14,-0.10]; >=20%: +0.22 [+0.20,+0.24]"
D1 SEQC2 ensemble,H3 indel>SNV,strict | native | union_hc | NS_T_1,4,1,2,mixed (reversed in some bins),"<5%: -0.00 [-0.00,-0.00]; 5-10%: -0.03 [-0.04,-0.03]; 10-20%: -0.01 [-0.02,+0.00]; >=20%: +0.43 [+0.42,+0.45]"
D1 SEQC2 ensemble,H3 indel>SNV,strict | native | union_hc | NV_T_1,4,1,3,mixed (reversed in some bins),"<5%: -0.00 [-0.00,-0.00]; 5-10%: -0.04 [-0.04,-0.03]; 10-20%: -0.02 [-0.04,-0.01]; >=20%: +0.37 [+0.35,+0.39]"
D1 SEQC2 ensemble,H3 indel>SNV,strict | shared3 | truth | FD_T_1,4,1,1,mixed (reversed in some bins),"<5%: -0.01 [-0.10,+0.06]; 5-10%: -0.11 [-0.16,-0.05]; 10-20%: +0.02 [-0.02,+0.06]; >=20%: +0.07 [+0.05,+0.09]"
D1 SEQC2 ensemble,H3 indel>SNV,strict | shared3 | truth | IL_T_1,4,2,0,partial,"<5%: -0.00 [-0.10,+0.07]; 5-10%: -0.01 [-0.06,+0.05]; 10-20%: +0.08 [+0.05,+0.12]; >=20%: +0.08 [+0.06,+0.10]"
D1 SEQC2 ensemble,H3 indel>SNV,strict | shared3 | truth | NS_380X,4,2,1,mixed (reversed in some bins),"<5%: -0.20 [-0.30,-0.11]; 5-10%: +0.09 [+0.04,+0.14]; 10-20%: +0.13 [+0.09,+0.17]; >=20%: +0.03 [-0.00,+0.06]"
D1 SEQC2 ensemble,H3 indel>SNV,strict | shared3 | truth | NS_T_1,4,2,0,partial,"<5%: -0.04 [-0.13,+0.04]; 5-10%: -0.02 [-0.08,+0.04]; 10-20%: +0.05 [+0.02,+0.09]; >=20%: +0.03 [+0.01,+0.06]"
D1 SEQC2 ensemble,H3 indel>SNV,strict | shared3 | truth | NV_T_1,4,2,1,mixed (reversed in some bins),"<5%: -0.07 [-0.17,+0.02]; 5-10%: -0.09 [-0.14,-0.04]; 10-20%: +0.08 [+0.05,+0.12]; >=20%: +0.11 [+0.09,+0.13]"
D1 SEQC2 ensemble,H3 indel>SNV,strict | shared3 | union | FD_T_1,4,3,0,partial,"<5%: +0.00 [-0.00,+0.00]; 5-10%: +0.04 [+0.03,+0.04]; 10-20%: +0.13 [+0.13,+0.14]; >=20%: +0.31 [+0.31,+0.32]"
D1 SEQC2 ensemble,H3 indel>SNV,strict | shared3 | union | IL_T_1,4,3,1,mixed (reversed in some bins),"<5%: -0.00 [-0.00,-0.00]; 5-10%: +0.01 [+0.01,+0.02]; 10-20%: +0.10 [+0.10,+0.11]; >=20%: +0.34 [+0.33,+0.34]"
D1 SEQC2 ensemble,H3 indel>SNV,strict | shared3 | union | NS_380X,4,3,1,mixed (reversed in some bins),"<5%: -0.01 [-0.01,-0.01]; 5-10%: +0.06 [+0.06,+0.07]; 10-20%: +0.26 [+0.24,+0.27]; >=20%: +0.20 [+0.20,+0.21]"
D1 SEQC2 ensemble,H3 indel>SNV,strict | shared3 | union | NS_T_1,4,3,1,mixed (reversed in some bins),"<5%: -0.00 [-0.00,-0.00]; 5-10%: +0.03 [+0.02,+0.03]; 10-20%: +0.10 [+0.09,+0.10]; >=20%: +0.30 [+0.29,+0.30]"
D1 SEQC2 ensemble,H3 indel>SNV,strict | shared3 | union | NV_T_1,4,3,1,mixed (reversed in some bins),"<5%: -0.00 [-0.00,-0.00]; 5-10%: +0.02 [+0.01,+0.02]; 10-20%: +0.07 [+0.06,+0.08]; >=20%: +0.27 [+0.27,+0.28]"
D1 SEQC2 ensemble,H3 indel>SNV,strict | shared3 | union_hc | FD_T_1,4,4,0,supported (all bins),"<5%: +0.00 [+0.00,+0.00]; 5-10%: +0.08 [+0.07,+0.09]; 10-20%: +0.23 [+0.22,+0.25]; >=20%: +0.53 [+0.52,+0.54]"
D1 SEQC2 ensemble,H3 indel>SNV,strict | shared3 | union_hc | IL_T_1,4,3,0,partial,"<5%: -0.00 [-0.00,+0.00]; 5-10%: +0.01 [+0.01,+0.02]; 10-20%: +0.18 [+0.16,+0.19]; >=20%: +0.52 [+0.51,+0.54]"
D1 SEQC2 ensemble,H3 indel>SNV,strict | shared3 | union_hc | NS_380X,4,3,1,mixed (reversed in some bins),"<5%: -0.01 [-0.01,-0.01]; 5-10%: +0.11 [+0.10,+0.12]; 10-20%: +0.39 [+0.36,+0.41]; >=20%: +0.34 [+0.32,+0.36]"
D1 SEQC2 ensemble,H3 indel>SNV,strict | shared3 | union_hc | NS_T_1,4,3,0,partial,"<5%: -0.00 [-0.00,+0.00]; 5-10%: +0.05 [+0.04,+0.05]; 10-20%: +0.15 [+0.14,+0.16]; >=20%: +0.48 [+0.46,+0.49]"
D1 SEQC2 ensemble,H3 indel>SNV,strict | shared3 | union_hc | NV_T_1,4,3,1,mixed (reversed in some bins),"<5%: -0.00 [-0.00,-0.00]; 5-10%: +0.02 [+0.01,+0.02]; 10-20%: +0.10 [+0.09,+0.12]; >=20%: +0.45 [+0.43,+0.46]"
D1 SEQC2 ensemble,H4 LC>nonLC,lenient | native | truth | indel | FD_T_1,3,1,0,partial,"5-10%: +0.03 [-0.13,+0.21]; 10-20%: +0.29 [+0.18,+0.40]; >=20%: +0.03 [-0.01,+0.07]"
D1 SEQC2 ensemble,H4 LC>nonLC,lenient | native | truth | indel | IL_T_1,3,2,0,partial,"5-10%: +0.11 [-0.06,+0.29]; 10-20%: +0.33 [+0.22,+0.44]; >=20%: +0.12 [+0.08,+0.18]"
D1 SEQC2 ensemble,H4 LC>nonLC,lenient | native | truth | indel | NS_380X,3,2,0,partial,"5-10%: +0.21 [+0.04,+0.38]; 10-20%: +0.26 [+0.14,+0.37]; >=20%: +0.19 [+0.12,+0.26]"
D1 SEQC2 ensemble,H4 LC>nonLC,lenient | native | truth | indel | NS_T_1,3,1,0,partial,"5-10%: +0.15 [-0.03,+0.32]; 10-20%: +0.28 [+0.17,+0.39]; >=20%: +0.01 [-0.04,+0.06]"
D1 SEQC2 ensemble,H4 LC>nonLC,lenient | native | truth | indel | NV_T_1,3,3,0,supported (all bins),"5-10%: +0.43 [+0.25,+0.59]; 10-20%: +0.41 [+0.30,+0.52]; >=20%: +0.20 [+0.14,+0.26]"
D1 SEQC2 ensemble,H4 LC>nonLC,lenient | native | truth | snv | FD_T_1,4,2,0,partial,"<5%: +0.00 [-0.07,+0.01]; 5-10%: +0.01 [-0.04,+0.04]; 10-20%: +0.08 [+0.03,+0.14]; >=20%: +0.08 [+0.07,+0.10]"
D1 SEQC2 ensemble,H4 LC>nonLC,lenient | native | truth | snv | IL_T_1,4,2,0,partial,"<5%: +0.01 [-0.06,+0.01]; 5-10%: +0.03 [-0.02,+0.05]; 10-20%: +0.10 [+0.05,+0.15]; >=20%: +0.10 [+0.08,+0.11]"
D1 SEQC2 ensemble,H4 LC>nonLC,lenient | native | truth | snv | NS_380X,4,1,0,partial,"<5%: +0.00 [-0.07,+0.00]; 5-10%: -0.01 [-0.03,-0.00]; 10-20%: +0.05 [-0.00,+0.10]; >=20%: +0.08 [+0.06,+0.10]"
D1 SEQC2 ensemble,H4 LC>nonLC,lenient | native | truth | snv | NS_T_1,4,1,0,partial,"<5%: +0.00 [-0.07,+0.01]; 5-10%: +0.02 [-0.02,+0.03]; 10-20%: +0.06 [+0.00,+0.11]; >=20%: +0.06 [+0.05,+0.08]"
D1 SEQC2 ensemble,H4 LC>nonLC,lenient | native | truth | snv | NV_T_1,4,2,0,partial,"<5%: +0.01 [-0.06,+0.01]; 5-10%: +0.02 [-0.01,+0.05]; 10-20%: +0.17 [+0.11,+0.22]; >=20%: +0.10 [+0.08,+0.12]"
D1 SEQC2 ensemble,H4 LC>nonLC,lenient | native | union | indel | FD_T_1,4,4,0,supported (all bins),"<5%: +0.00 [+0.00,+0.01]; 5-10%: +0.12 [+0.10,+0.14]; 10-20%: +0.39 [+0.36,+0.42]; >=20%: +0.38 [+0.37,+0.40]"
D1 SEQC2 ensemble,H4 LC>nonLC,lenient | native | union | indel | IL_T_1,4,4,0,supported (all bins),"<5%: +0.01 [+0.00,+0.01]; 5-10%: +0.15 [+0.13,+0.18]; 10-20%: +0.46 [+0.42,+0.49]; >=20%: +0.40 [+0.39,+0.41]"
D1 SEQC2 ensemble,H4 LC>nonLC,lenient | native | union | indel | NS_380X,4,4,0,supported (all bins),"<5%: +0.04 [+0.04,+0.05]; 5-10%: +0.25 [+0.22,+0.28]; 10-20%: +0.46 [+0.42,+0.49]; >=20%: +0.17 [+0.16,+0.18]"
D1 SEQC2 ensemble,H4 LC>nonLC,lenient | native | union | indel | NS_T_1,4,4,0,supported (all bins),"<5%: +0.01 [+0.00,+0.01]; 5-10%: +0.12 [+0.10,+0.14]; 10-20%: +0.41 [+0.38,+0.45]; >=20%: +0.33 [+0.32,+0.35]"
D1 SEQC2 ensemble,H4 LC>nonLC,lenient | native | union | indel | NV_T_1,4,4,0,supported (all bins),"<5%: +0.01 [+0.01,+0.02]; 5-10%: +0.14 [+0.13,+0.16]; 10-20%: +0.48 [+0.44,+0.51]; >=20%: +0.31 [+0.30,+0.33]"
D1 SEQC2 ensemble,H4 LC>nonLC,lenient | native | union | snv | FD_T_1,4,2,0,partial,"<5%: +0.00 [-0.00,+0.00]; 5-10%: +0.00 [-0.00,+0.00]; 10-20%: +0.16 [+0.16,+0.17]; >=20%: +0.46 [+0.45,+0.46]"
D1 SEQC2 ensemble,H4 LC>nonLC,lenient | native | union | snv | IL_T_1,4,2,0,partial,"<5%: +0.00 [-0.00,+0.00]; 5-10%: +0.00 [-0.00,+0.00]; 10-20%: +0.20 [+0.20,+0.21]; >=20%: +0.44 [+0.44,+0.45]"
D1 SEQC2 ensemble,H4 LC>nonLC,lenient | native | union | snv | NS_380X,4,2,0,partial,"<5%: +0.00 [-0.00,+0.00]; 5-10%: +0.00 [-0.00,+0.00]; 10-20%: +0.14 [+0.13,+0.14]; >=20%: +0.25 [+0.25,+0.26]"
D1 SEQC2 ensemble,H4 LC>nonLC,lenient | native | union | snv | NS_T_1,4,2,0,partial,"<5%: +0.00 [-0.00,+0.00]; 5-10%: +0.00 [-0.00,+0.00]; 10-20%: +0.15 [+0.14,+0.15]; >=20%: +0.42 [+0.41,+0.42]"
D1 SEQC2 ensemble,H4 LC>nonLC,lenient | native | union | snv | NV_T_1,4,2,0,partial,"<5%: +0.00 [-0.00,+0.00]; 5-10%: +0.00 [+0.00,+0.00]; 10-20%: +0.22 [+0.22,+0.23]; >=20%: +0.42 [+0.42,+0.43]"
D1 SEQC2 ensemble,H4 LC>nonLC,strict | native | truth | indel | FD_T_1,3,1,0,partial,"5-10%: +0.03 [-0.14,+0.21]; 10-20%: +0.30 [+0.19,+0.41]; >=20%: +0.05 [+0.01,+0.10]"
D1 SEQC2 ensemble,H4 LC>nonLC,strict | native | truth | indel | IL_T_1,3,2,0,partial,"5-10%: +0.11 [-0.06,+0.29]; 10-20%: +0.33 [+0.22,+0.44]; >=20%: +0.15 [+0.10,+0.20]"
D1 SEQC2 ensemble,H4 LC>nonLC,strict | native | truth | indel | NS_380X,3,2,0,partial,"5-10%: +0.21 [+0.04,+0.38]; 10-20%: +0.26 [+0.14,+0.37]; >=20%: +0.20 [+0.13,+0.27]"
D1 SEQC2 ensemble,H4 LC>nonLC,strict | native | truth | indel | NS_T_1,3,1,0,partial,"5-10%: +0.15 [-0.03,+0.32]; 10-20%: +0.28 [+0.17,+0.39]; >=20%: +0.03 [-0.01,+0.09]"
D1 SEQC2 ensemble,H4 LC>nonLC,strict | native | truth | indel | NV_T_1,3,3,0,supported (all bins),"5-10%: +0.43 [+0.25,+0.59]; 10-20%: +0.40 [+0.29,+0.52]; >=20%: +0.22 [+0.17,+0.28]"
D1 SEQC2 ensemble,H4 LC>nonLC,strict | native | truth | snv | FD_T_1,4,2,0,partial,"<5%: +0.00 [-0.07,+0.01]; 5-10%: +0.00 [-0.03,+0.02]; 10-20%: +0.10 [+0.04,+0.15]; >=20%: +0.09 [+0.08,+0.11]"
D1 SEQC2 ensemble,H4 LC>nonLC,strict | native | truth | snv | IL_T_1,4,2,0,partial,"<5%: +0.00 [-0.07,+0.01]; 5-10%: +0.01 [-0.02,+0.03]; 10-20%: +0.09 [+0.03,+0.14]; >=20%: +0.10 [+0.09,+0.12]"
D1 SEQC2 ensemble,H4 LC>nonLC,strict | native | truth | snv | NS_380X,4,1,1,mixed (reversed in some bins),"<5%: +0.00 [-0.07,+0.00]; 5-10%: -0.01 [-0.03,-0.00]; 10-20%: +0.04 [-0.01,+0.09]; >=20%: +0.09 [+0.06,+0.11]"
D1 SEQC2 ensemble,H4 LC>nonLC,strict | native | truth | snv | NS_T_1,4,1,0,partial,"<5%: +0.00 [-0.07,+0.00]; 5-10%: +0.01 [-0.01,+0.02]; 10-20%: +0.03 [-0.02,+0.08]; >=20%: +0.07 [+0.06,+0.09]"
D1 SEQC2 ensemble,H4 LC>nonLC,strict | native | truth | snv | NV_T_1,4,2,0,partial,"<5%: +0.00 [-0.07,+0.01]; 5-10%: +0.01 [-0.02,+0.02]; 10-20%: +0.11 [+0.06,+0.16]; >=20%: +0.10 [+0.08,+0.12]"
D1 SEQC2 ensemble,H4 LC>nonLC,strict | native | truth_obsvaf | indel | FD_T_1,2,2,0,supported (all bins),"10-20%: +0.23 [+0.13,+0.34]; >=20%: +0.08 [+0.04,+0.13]"
D1 SEQC2 ensemble,H4 LC>nonLC,strict | native | truth_obsvaf | indel | IL_T_1,3,2,0,partial,"5-10%: +0.26 [+0.06,+0.45]; 10-20%: +0.42 [+0.32,+0.53]; >=20%: +0.11 [+0.06,+0.16]"
D1 SEQC2 ensemble,H4 LC>nonLC,strict | native | truth_obsvaf | indel | NS_380X,3,2,0,partial,"5-10%: +0.20 [+0.03,+0.39]; 10-20%: +0.24 [+0.14,+0.36]; >=20%: +0.21 [+0.14,+0.28]"
D1 SEQC2 ensemble,H4 LC>nonLC,strict | native | truth_obsvaf | indel | NS_T_1,3,2,0,partial,"5-10%: +0.27 [+0.09,+0.43]; 10-20%: +0.22 [+0.12,+0.34]; >=20%: +0.03 [-0.01,+0.09]"
D1 SEQC2 ensemble,H4 LC>nonLC,strict | native | truth_obsvaf | indel | NV_T_1,3,3,0,supported (all bins),"5-10%: +0.59 [+0.42,+0.72]; 10-20%: +0.33 [+0.23,+0.44]; >=20%: +0.18 [+0.13,+0.24]"
D1 SEQC2 ensemble,H4 LC>nonLC,strict | native | truth_obsvaf | snv | FD_T_1,3,1,0,partial,"5-10%: +0.00 [-0.02,+0.00]; 10-20%: +0.07 [+0.02,+0.12]; >=20%: +0.09 [+0.08,+0.11]"
D1 SEQC2 ensemble,H4 LC>nonLC,strict | native | truth_obsvaf | snv | IL_T_1,4,2,0,partial,"<5%: +0.00 [-0.11,+0.01]; 5-10%: +0.00 [-0.02,+0.00]; 10-20%: +0.11 [+0.06,+0.17]; >=20%: +0.09 [+0.08,+0.11]"
D1 SEQC2 ensemble,H4 LC>nonLC,strict | native | truth_obsvaf | snv | NS_380X,4,1,0,partial,"<5%: +0.00 [-0.08,+0.00]; 5-10%: -0.00 [-0.02,-0.00]; 10-20%: +0.03 [-0.02,+0.08]; >=20%: +0.09 [+0.06,+0.11]"
D1 SEQC2 ensemble,H4 LC>nonLC,strict | native | truth_obsvaf | snv | NS_T_1,4,1,0,partial,"<5%: +0.00 [-0.13,+0.01]; 5-10%: +0.00 [-0.02,+0.00]; 10-20%: +0.06 [+0.00,+0.11]; >=20%: +0.07 [+0.06,+0.09]"
D1 SEQC2 ensemble,H4 LC>nonLC,strict | native | truth_obsvaf | snv | NV_T_1,4,2,0,partial,"<5%: +0.00 [-0.08,+0.00]; 5-10%: +0.00 [-0.02,+0.00]; 10-20%: +0.12 [+0.07,+0.17]; >=20%: +0.09 [+0.08,+0.11]"
D1 SEQC2 ensemble,H4 LC>nonLC,strict | native | union | indel | FD_T_1,4,4,0,supported (all bins),"<5%: +0.00 [+0.00,+0.01]; 5-10%: +0.12 [+0.10,+0.14]; 10-20%: +0.39 [+0.36,+0.43]; >=20%: +0.36 [+0.34,+0.37]"
D1 SEQC2 ensemble,H4 LC>nonLC,strict | native | union | indel | IL_T_1,4,4,0,supported (all bins),"<5%: +0.01 [+0.00,+0.01]; 5-10%: +0.17 [+0.14,+0.19]; 10-20%: +0.46 [+0.43,+0.50]; >=20%: +0.36 [+0.35,+0.38]"
D1 SEQC2 ensemble,H4 LC>nonLC,strict | native | union | indel | NS_380X,4,4,0,supported (all bins),"<5%: +0.05 [+0.04,+0.06]; 5-10%: +0.29 [+0.26,+0.32]; 10-20%: +0.48 [+0.45,+0.52]; >=20%: +0.17 [+0.15,+0.18]"
D1 SEQC2 ensemble,H4 LC>nonLC,strict | native | union | indel | NS_T_1,4,4,0,supported (all bins),"<5%: +0.01 [+0.00,+0.01]; 5-10%: +0.13 [+0.11,+0.15]; 10-20%: +0.42 [+0.39,+0.46]; >=20%: +0.31 [+0.30,+0.32]"
D1 SEQC2 ensemble,H4 LC>nonLC,strict | native | union | indel | NV_T_1,4,4,0,supported (all bins),"<5%: +0.01 [+0.01,+0.02]; 5-10%: +0.16 [+0.14,+0.18]; 10-20%: +0.50 [+0.46,+0.53]; >=20%: +0.30 [+0.29,+0.31]"
D1 SEQC2 ensemble,H4 LC>nonLC,strict | native | union | snv | FD_T_1,4,2,0,partial,"<5%: +0.00 [-0.00,+0.00]; 5-10%: +0.00 [-0.00,+0.00]; 10-20%: +0.16 [+0.15,+0.17]; >=20%: +0.44 [+0.44,+0.45]"
D1 SEQC2 ensemble,H4 LC>nonLC,strict | native | union | snv | IL_T_1,4,2,0,partial,"<5%: +0.00 [-0.00,+0.00]; 5-10%: +0.00 [-0.00,+0.00]; 10-20%: +0.20 [+0.19,+0.21]; >=20%: +0.45 [+0.45,+0.46]"
D1 SEQC2 ensemble,H4 LC>nonLC,strict | native | union | snv | NS_380X,4,2,0,partial,"<5%: +0.00 [-0.00,+0.00]; 5-10%: -0.00 [-0.00,+0.00]; 10-20%: +0.14 [+0.13,+0.14]; >=20%: +0.25 [+0.24,+0.25]"
D1 SEQC2 ensemble,H4 LC>nonLC,strict | native | union | snv | NS_T_1,4,2,0,partial,"<5%: +0.00 [-0.00,+0.00]; 5-10%: +0.00 [-0.00,+0.00]; 10-20%: +0.12 [+0.12,+0.13]; >=20%: +0.44 [+0.43,+0.44]"
D1 SEQC2 ensemble,H4 LC>nonLC,strict | native | union | snv | NV_T_1,4,2,0,partial,"<5%: +0.00 [-0.00,+0.00]; 5-10%: +0.00 [-0.00,+0.00]; 10-20%: +0.21 [+0.20,+0.22]; >=20%: +0.39 [+0.39,+0.40]"
D1 SEQC2 ensemble,H4 LC>nonLC,strict | native | union_hc | indel | FD_T_1,4,4,0,supported (all bins),"<5%: +0.01 [+0.00,+0.02]; 5-10%: +0.18 [+0.15,+0.22]; 10-20%: +0.53 [+0.49,+0.58]; >=20%: +0.56 [+0.53,+0.59]"
D1 SEQC2 ensemble,H4 LC>nonLC,strict | native | union_hc | indel | IL_T_1,4,4,0,supported (all bins),"<5%: +0.01 [+0.01,+0.01]; 5-10%: +0.24 [+0.20,+0.27]; 10-20%: +0.60 [+0.55,+0.64]; >=20%: +0.38 [+0.35,+0.41]"
D1 SEQC2 ensemble,H4 LC>nonLC,strict | native | union_hc | indel | NS_380X,4,4,0,supported (all bins),"<5%: +0.08 [+0.07,+0.10]; 5-10%: +0.41 [+0.36,+0.45]; 10-20%: +0.64 [+0.59,+0.68]; >=20%: +0.33 [+0.30,+0.37]"
D1 SEQC2 ensemble,H4 LC>nonLC,strict | native | union_hc | indel | NS_T_1,4,4,0,supported (all bins),"<5%: +0.01 [+0.00,+0.02]; 5-10%: +0.18 [+0.16,+0.21]; 10-20%: +0.56 [+0.51,+0.60]; >=20%: +0.42 [+0.38,+0.45]"
D1 SEQC2 ensemble,H4 LC>nonLC,strict | native | union_hc | indel | NV_T_1,4,4,0,supported (all bins),"<5%: +0.02 [+0.01,+0.03]; 5-10%: +0.22 [+0.19,+0.25]; 10-20%: +0.65 [+0.60,+0.69]; >=20%: +0.43 [+0.39,+0.46]"
D1 SEQC2 ensemble,H4 LC>nonLC,strict | native | union_hc | snv | FD_T_1,4,2,0,partial,"<5%: +0.00 [-0.00,+0.00]; 5-10%: +0.00 [-0.00,+0.00]; 10-20%: +0.23 [+0.22,+0.23]; >=20%: +0.73 [+0.72,+0.73]"
D1 SEQC2 ensemble,H4 LC>nonLC,strict | native | union_hc | snv | IL_T_1,4,2,0,partial,"<5%: +0.00 [-0.00,+0.00]; 5-10%: +0.00 [-0.00,+0.00]; 10-20%: +0.29 [+0.28,+0.30]; >=20%: +0.72 [+0.71,+0.73]"
D1 SEQC2 ensemble,H4 LC>nonLC,strict | native | union_hc | snv | NS_380X,4,2,0,partial,"<5%: +0.00 [-0.00,+0.00]; 5-10%: -0.00 [-0.00,+0.00]; 10-20%: +0.24 [+0.23,+0.25]; >=20%: +0.52 [+0.51,+0.53]"
D1 SEQC2 ensemble,H4 LC>nonLC,strict | native | union_hc | snv | NS_T_1,4,2,0,partial,"<5%: +0.00 [-0.00,+0.00]; 5-10%: +0.00 [-0.00,+0.00]; 10-20%: +0.16 [+0.15,+0.17]; >=20%: +0.66 [+0.65,+0.67]"
D1 SEQC2 ensemble,H4 LC>nonLC,strict | native | union_hc | snv | NV_T_1,4,2,0,partial,"<5%: +0.00 [-0.00,+0.00]; 5-10%: +0.00 [-0.00,+0.00]; 10-20%: +0.34 [+0.33,+0.35]; >=20%: +0.74 [+0.73,+0.74]"
D1 SEQC2 ensemble,H4 LC>nonLC,strict | shared3 | truth | indel | FD_T_1,3,1,0,partial,"5-10%: +0.03 [-0.14,+0.21]; 10-20%: +0.30 [+0.19,+0.41]; >=20%: +0.05 [+0.01,+0.10]"
D1 SEQC2 ensemble,H4 LC>nonLC,strict | shared3 | truth | indel | IL_T_1,3,2,0,partial,"5-10%: +0.11 [-0.06,+0.29]; 10-20%: +0.33 [+0.22,+0.44]; >=20%: +0.15 [+0.10,+0.20]"
D1 SEQC2 ensemble,H4 LC>nonLC,strict | shared3 | truth | indel | NS_380X,3,2,0,partial,"5-10%: +0.21 [+0.04,+0.38]; 10-20%: +0.26 [+0.14,+0.37]; >=20%: +0.20 [+0.13,+0.27]"
D1 SEQC2 ensemble,H4 LC>nonLC,strict | shared3 | truth | indel | NS_T_1,3,1,0,partial,"5-10%: +0.15 [-0.03,+0.32]; 10-20%: +0.28 [+0.17,+0.39]; >=20%: +0.03 [-0.01,+0.09]"
D1 SEQC2 ensemble,H4 LC>nonLC,strict | shared3 | truth | indel | NV_T_1,3,3,0,supported (all bins),"5-10%: +0.43 [+0.25,+0.59]; 10-20%: +0.40 [+0.29,+0.52]; >=20%: +0.22 [+0.17,+0.28]"
D1 SEQC2 ensemble,H4 LC>nonLC,strict | shared3 | truth | snv | FD_T_1,4,2,0,partial,"<5%: -0.02 [-0.15,+0.07]; 5-10%: +0.06 [-0.01,+0.12]; 10-20%: +0.09 [+0.04,+0.14]; >=20%: +0.07 [+0.06,+0.08]"
D1 SEQC2 ensemble,H4 LC>nonLC,strict | shared3 | truth | snv | IL_T_1,4,2,0,partial,"<5%: -0.01 [-0.14,+0.09]; 5-10%: +0.06 [-0.01,+0.13]; 10-20%: +0.14 [+0.10,+0.19]; >=20%: +0.08 [+0.07,+0.10]"
D1 SEQC2 ensemble,H4 LC>nonLC,strict | shared3 | truth | snv | NS_380X,4,2,0,partial,"<5%: -0.03 [-0.16,+0.07]; 5-10%: +0.03 [-0.02,+0.09]; 10-20%: +0.08 [+0.05,+0.12]; >=20%: +0.06 [+0.04,+0.08]"
D1 SEQC2 ensemble,H4 LC>nonLC,strict | shared3 | truth | snv | NS_T_1,4,2,0,partial,"<5%: -0.10 [-0.24,+0.01]; 5-10%: +0.00 [-0.06,+0.07]; 10-20%: +0.08 [+0.04,+0.13]; >=20%: +0.05 [+0.04,+0.07]"
D1 SEQC2 ensemble,H4 LC>nonLC,strict | shared3 | truth | snv | NV_T_1,4,3,0,partial,"<5%: +0.07 [-0.07,+0.17]; 5-10%: +0.09 [+0.02,+0.16]; 10-20%: +0.15 [+0.11,+0.19]; >=20%: +0.08 [+0.06,+0.09]"
D1 SEQC2 ensemble,H4 LC>nonLC,strict | shared3 | union | indel | FD_T_1,4,4,0,supported (all bins),"<5%: +0.00 [+0.00,+0.01]; 5-10%: +0.12 [+0.10,+0.14]; 10-20%: +0.39 [+0.36,+0.43]; >=20%: +0.36 [+0.34,+0.37]"
D1 SEQC2 ensemble,H4 LC>nonLC,strict | shared3 | union | indel | IL_T_1,4,4,0,supported (all bins),"<5%: +0.01 [+0.00,+0.01]; 5-10%: +0.17 [+0.14,+0.19]; 10-20%: +0.46 [+0.43,+0.50]; >=20%: +0.36 [+0.35,+0.38]"
D1 SEQC2 ensemble,H4 LC>nonLC,strict | shared3 | union | indel | NS_380X,4,4,0,supported (all bins),"<5%: +0.05 [+0.04,+0.06]; 5-10%: +0.29 [+0.26,+0.32]; 10-20%: +0.48 [+0.45,+0.52]; >=20%: +0.17 [+0.15,+0.18]"
D1 SEQC2 ensemble,H4 LC>nonLC,strict | shared3 | union | indel | NS_T_1,4,4,0,supported (all bins),"<5%: +0.01 [+0.00,+0.01]; 5-10%: +0.13 [+0.11,+0.15]; 10-20%: +0.42 [+0.39,+0.46]; >=20%: +0.31 [+0.30,+0.32]"
D1 SEQC2 ensemble,H4 LC>nonLC,strict | shared3 | union | indel | NV_T_1,4,4,0,supported (all bins),"<5%: +0.01 [+0.01,+0.02]; 5-10%: +0.16 [+0.14,+0.18]; 10-20%: +0.50 [+0.46,+0.53]; >=20%: +0.30 [+0.29,+0.31]"
D1 SEQC2 ensemble,H4 LC>nonLC,strict | shared3 | union | snv | FD_T_1,4,4,0,supported (all bins),"<5%: +0.00 [+0.00,+0.00]; 5-10%: +0.11 [+0.11,+0.12]; 10-20%: +0.36 [+0.35,+0.37]; >=20%: +0.49 [+0.48,+0.50]"
D1 SEQC2 ensemble,H4 LC>nonLC,strict | shared3 | union | snv | IL_T_1,4,4,0,supported (all bins),"<5%: +0.00 [+0.00,+0.00]; 5-10%: +0.09 [+0.08,+0.09]; 10-20%: +0.40 [+0.39,+0.40]; >=20%: +0.55 [+0.54,+0.55]"
D1 SEQC2 ensemble,H4 LC>nonLC,strict | shared3 | union | snv | NS_380X,4,4,0,supported (all bins),"<5%: +0.00 [+0.00,+0.00]; 5-10%: +0.23 [+0.22,+0.24]; 10-20%: +0.58 [+0.57,+0.59]; >=20%: +0.36 [+0.35,+0.36]"
D1 SEQC2 ensemble,H4 LC>nonLC,strict | shared3 | union | snv | NS_T_1,4,4,0,supported (all bins),"<5%: +0.00 [+0.00,+0.00]; 5-10%: +0.09 [+0.09,+0.09]; 10-20%: +0.31 [+0.30,+0.32]; >=20%: +0.47 [+0.47,+0.48]"
D1 SEQC2 ensemble,H4 LC>nonLC,strict | shared3 | union | snv | NV_T_1,4,4,0,supported (all bins),"<5%: +0.00 [+0.00,+0.00]; 5-10%: +0.13 [+0.12,+0.13]; 10-20%: +0.48 [+0.47,+0.49]; >=20%: +0.56 [+0.55,+0.56]"
D1 SEQC2 ensemble,H4 LC>nonLC,strict | shared3 | union_hc | indel | FD_T_1,4,4,0,supported (all bins),"<5%: +0.01 [+0.00,+0.02]; 5-10%: +0.18 [+0.15,+0.22]; 10-20%: +0.53 [+0.49,+0.58]; >=20%: +0.56 [+0.53,+0.59]"
D1 SEQC2 ensemble,H4 LC>nonLC,strict | shared3 | union_hc | indel | IL_T_1,4,4,0,supported (all bins),"<5%: +0.01 [+0.01,+0.01]; 5-10%: +0.24 [+0.20,+0.27]; 10-20%: +0.60 [+0.55,+0.64]; >=20%: +0.38 [+0.35,+0.41]"
D1 SEQC2 ensemble,H4 LC>nonLC,strict | shared3 | union_hc | indel | NS_380X,4,4,0,supported (all bins),"<5%: +0.08 [+0.07,+0.10]; 5-10%: +0.41 [+0.36,+0.45]; 10-20%: +0.64 [+0.59,+0.68]; >=20%: +0.33 [+0.30,+0.37]"
D1 SEQC2 ensemble,H4 LC>nonLC,strict | shared3 | union_hc | indel | NS_T_1,4,4,0,supported (all bins),"<5%: +0.01 [+0.00,+0.02]; 5-10%: +0.18 [+0.16,+0.21]; 10-20%: +0.56 [+0.51,+0.60]; >=20%: +0.42 [+0.38,+0.45]"
D1 SEQC2 ensemble,H4 LC>nonLC,strict | shared3 | union_hc | indel | NV_T_1,4,4,0,supported (all bins),"<5%: +0.02 [+0.01,+0.03]; 5-10%: +0.22 [+0.19,+0.25]; 10-20%: +0.65 [+0.60,+0.69]; >=20%: +0.43 [+0.39,+0.46]"
D1 SEQC2 ensemble,H4 LC>nonLC,strict | shared3 | union_hc | snv | FD_T_1,4,4,0,supported (all bins),"<5%: +0.01 [+0.00,+0.01]; 5-10%: +0.17 [+0.16,+0.17]; 10-20%: +0.47 [+0.46,+0.48]; >=20%: +0.71 [+0.70,+0.72]"
D1 SEQC2 ensemble,H4 LC>nonLC,strict | shared3 | union_hc | snv | IL_T_1,4,4,0,supported (all bins),"<5%: +0.00 [+0.00,+0.00]; 5-10%: +0.10 [+0.09,+0.10]; 10-20%: +0.49 [+0.48,+0.50]; >=20%: +0.71 [+0.70,+0.72]"
D1 SEQC2 ensemble,H4 LC>nonLC,strict | shared3 | union_hc | snv | NS_380X,4,4,0,supported (all bins),"<5%: +0.00 [+0.00,+0.00]; 5-10%: +0.30 [+0.29,+0.31]; 10-20%: +0.66 [+0.65,+0.68]; >=20%: +0.52 [+0.51,+0.53]"
D1 SEQC2 ensemble,H4 LC>nonLC,strict | shared3 | union_hc | snv | NS_T_1,4,3,0,partial,"<5%: +0.00 [-0.00,+0.00]; 5-10%: +0.11 [+0.11,+0.12]; 10-20%: +0.38 [+0.37,+0.39]; >=20%: +0.65 [+0.64,+0.66]"
D1 SEQC2 ensemble,H4 LC>nonLC,strict | shared3 | union_hc | snv | NV_T_1,4,4,0,supported (all bins),"<5%: +0.00 [+0.00,+0.01]; 5-10%: +0.16 [+0.15,+0.16]; 10-20%: +0.61 [+0.59,+0.62]; >=20%: +0.72 [+0.71,+0.73]"
D1b raw VCFs,H3 indel>SNV,native | truth,4,1,3,mixed (reversed in some bins),"<5%: -0.09 [-0.16,-0.05]; 5-10%: -0.35 [-0.41,-0.29]; 10-20%: -0.09 [-0.14,-0.04]; >=20%: +0.08 [+0.05,+0.10]"
D1b raw VCFs,H3 indel>SNV,native | union,4,2,2,mixed (reversed in some bins),"<5%: -0.00 [-0.00,-0.00]; 5-10%: -0.01 [-0.02,-0.01]; 10-20%: +0.04 [+0.03,+0.05]; >=20%: +0.31 [+0.30,+0.31]"
D1b raw VCFs,H3 indel>SNV,native | union_hc,4,2,2,mixed (reversed in some bins),"<5%: -0.00 [-0.00,-0.00]; 5-10%: -0.02 [-0.02,-0.01]; 10-20%: +0.09 [+0.08,+0.10]; >=20%: +0.55 [+0.54,+0.56]"
D1b raw VCFs,H3 indel>SNV,shared4 | truth,4,2,2,mixed (reversed in some bins),"<5%: -0.07 [-0.14,-0.03]; 5-10%: -0.20 [-0.26,-0.14]; 10-20%: +0.07 [+0.02,+0.11]; >=20%: +0.08 [+0.06,+0.11]"
D1b raw VCFs,H3 indel>SNV,shared4 | union,4,2,2,mixed (reversed in some bins),"<5%: -0.00 [-0.00,-0.00]; 5-10%: -0.01 [-0.01,-0.00]; 10-20%: +0.11 [+0.10,+0.11]; >=20%: +0.43 [+0.43,+0.44]"
D1b raw VCFs,H3 indel>SNV,shared4 | union_hc,4,2,2,mixed (reversed in some bins),"<5%: -0.00 [-0.00,-0.00]; 5-10%: -0.01 [-0.01,-0.00]; 10-20%: +0.18 [+0.17,+0.19]; >=20%: +0.60 [+0.59,+0.61]"
D1b raw VCFs,H4 LC>nonLC,native | truth | indel,3,2,0,partial,"5-10%: +0.01 [-0.17,+0.17]; 10-20%: +0.32 [+0.20,+0.43]; >=20%: +0.18 [+0.13,+0.24]"
D1b raw VCFs,H4 LC>nonLC,native | truth | snv,4,2,0,partial,"<5%: +0.00 [-0.07,+0.01]; 5-10%: +0.01 [-0.02,+0.03]; 10-20%: +0.08 [+0.03,+0.13]; >=20%: +0.11 [+0.09,+0.13]"
D1b raw VCFs,H4 LC>nonLC,native | union | indel,4,4,0,supported (all bins),"<5%: +0.00 [+0.00,+0.01]; 5-10%: +0.06 [+0.05,+0.08]; 10-20%: +0.26 [+0.23,+0.28]; >=20%: +0.32 [+0.31,+0.34]"
D1b raw VCFs,H4 LC>nonLC,native | union | snv,4,2,0,partial,"<5%: +0.00 [-0.00,+0.00]; 5-10%: +0.00 [-0.00,+0.00]; 10-20%: +0.19 [+0.18,+0.20]; >=20%: +0.45 [+0.45,+0.46]"
D1b raw VCFs,H4 LC>nonLC,native | union_hc | indel,4,4,0,supported (all bins),"<5%: +0.00 [+0.00,+0.01]; 5-10%: +0.09 [+0.07,+0.11]; 10-20%: +0.34 [+0.31,+0.38]; >=20%: +0.32 [+0.29,+0.34]"
D1b raw VCFs,H4 LC>nonLC,native | union_hc | snv,4,2,0,partial,"<5%: +0.00 [-0.00,+0.00]; 5-10%: +0.00 [-0.00,+0.00]; 10-20%: +0.27 [+0.26,+0.28]; >=20%: +0.71 [+0.70,+0.72]"
D1b raw VCFs,H4 LC>nonLC,shared4 | truth | indel,3,2,0,partial,"5-10%: +0.01 [-0.17,+0.17]; 10-20%: +0.32 [+0.20,+0.43]; >=20%: +0.18 [+0.13,+0.24]"
D1b raw VCFs,H4 LC>nonLC,shared4 | truth | snv,4,2,0,partial,"<5%: +0.02 [-0.05,+0.03]; 5-10%: +0.02 [-0.04,+0.06]; 10-20%: +0.09 [+0.04,+0.14]; >=20%: +0.09 [+0.07,+0.11]"
D1b raw VCFs,H4 LC>nonLC,shared4 | union | indel,4,4,0,supported (all bins),"<5%: +0.00 [+0.00,+0.01]; 5-10%: +0.06 [+0.05,+0.08]; 10-20%: +0.26 [+0.23,+0.28]; >=20%: +0.32 [+0.31,+0.34]"
D1b raw VCFs,H4 LC>nonLC,shared4 | union | snv,4,3,0,partial,"<5%: +0.00 [-0.00,+0.00]; 5-10%: +0.01 [+0.01,+0.01]; 10-20%: +0.31 [+0.30,+0.32]; >=20%: +0.55 [+0.54,+0.56]"
D1b raw VCFs,H4 LC>nonLC,shared4 | union_hc | indel,4,4,0,supported (all bins),"<5%: +0.00 [+0.00,+0.01]; 5-10%: +0.09 [+0.07,+0.11]; 10-20%: +0.34 [+0.31,+0.38]; >=20%: +0.32 [+0.29,+0.34]"
D1b raw VCFs,H4 LC>nonLC,shared4 | union_hc | snv,4,3,0,partial,"<5%: +0.00 [-0.00,+0.00]; 5-10%: +0.02 [+0.01,+0.02]; 10-20%: +0.39 [+0.38,+0.40]; >=20%: +0.70 [+0.69,+0.71]"
D2 purity series,H3 indel>SNV,native | truth | 0.05,1,0,1,reversed,"<5%: -0.00 [-0.01,-0.00]"
D2 purity series,H3 indel>SNV,native | truth | 0.1,2,0,1,reversed,"<5%: -0.03 [-0.04,-0.02]; 5-10%: +0.02 [-0.02,+0.06]"
D2 purity series,H3 indel>SNV,native | truth | 0.2,3,1,2,mixed (reversed in some bins),"<5%: -0.15 [-0.17,-0.13]; 5-10%: -0.18 [-0.22,-0.14]; 10-20%: +0.30 [+0.23,+0.36]"
D2 purity series,H3 indel>SNV,native | truth | 0.5,4,1,2,mixed (reversed in some bins),"<5%: -0.38 [-0.43,-0.33]; 5-10%: -0.49 [-0.53,-0.44]; 10-20%: +0.03 [-0.01,+0.08]; >=20%: +0.24 [+0.19,+0.29]"
D2 purity series,H3 indel>SNV,native | truth | 0.75,4,1,3,mixed (reversed in some bins),"<5%: -0.40 [-0.47,-0.33]; 5-10%: -0.51 [-0.56,-0.46]; 10-20%: -0.06 [-0.10,-0.02]; >=20%: +0.20 [+0.17,+0.24]"
D2 purity series,H3 indel>SNV,native | truth | 1.0,4,1,3,mixed (reversed in some bins),"<5%: -0.37 [-0.47,-0.28]; 5-10%: -0.56 [-0.62,-0.51]; 10-20%: -0.18 [-0.22,-0.13]; >=20%: +0.17 [+0.14,+0.20]"
D2 purity series,H3 indel>SNV,native | union | 0.05,4,1,1,mixed (reversed in some bins),"<5%: +0.00 [-0.00,+0.00]; 5-10%: -0.01 [-0.01,-0.01]; 10-20%: +0.06 [+0.04,+0.07]; >=20%: -0.02 [-0.04,-0.00]"
D2 purity series,H3 indel>SNV,native | union | 0.1,4,2,1,mixed (reversed in some bins),"<5%: +0.00 [-0.00,+0.00]; 5-10%: -0.03 [-0.04,-0.03]; 10-20%: +0.16 [+0.15,+0.17]; >=20%: +0.10 [+0.09,+0.12]"
D2 purity series,H3 indel>SNV,native | union | 0.2,4,2,1,mixed (reversed in some bins),"<5%: +0.00 [-0.01,+0.00]; 5-10%: -0.13 [-0.15,-0.12]; 10-20%: +0.19 [+0.18,+0.21]; >=20%: +0.24 [+0.23,+0.25]"
D2 purity series,H3 indel>SNV,native | union | 0.5,4,2,2,mixed (reversed in some bins),"<5%: -0.00 [-0.01,-0.00]; 5-10%: -0.11 [-0.13,-0.09]; 10-20%: +0.06 [+0.03,+0.08]; >=20%: +0.29 [+0.28,+0.29]"
D2 purity series,H3 indel>SNV,native | union | 0.75,4,1,1,mixed (reversed in some bins),"<5%: -0.00 [-0.01,-0.00]; 5-10%: -0.09 [-0.11,-0.07]; 10-20%: +0.01 [-0.01,+0.04]; >=20%: +0.26 [+0.26,+0.27]"
D2 purity series,H3 indel>SNV,native | union | 1.0,4,1,3,mixed (reversed in some bins),"<5%: -0.00 [-0.01,-0.00]; 5-10%: -0.07 [-0.09,-0.06]; 10-20%: -0.03 [-0.05,-0.01]; >=20%: +0.23 [+0.22,+0.23]"
D2 purity series,H3 indel>SNV,native | union_hc | 0.05,4,0,1,reversed,"<5%: +0.00 [-0.00,+0.00]; 5-10%: -0.01 [-0.02,-0.01]; 10-20%: -0.01 [-0.03,+0.00]; >=20%: +0.00 [-0.03,+0.00]"
D2 purity series,H3 indel>SNV,native | union_hc | 0.1,4,0,1,reversed,"<5%: +0.00 [-0.00,+0.00]; 5-10%: -0.04 [-0.06,-0.03]; 10-20%: +0.03 [-0.01,+0.05]; >=20%: +0.01 [-0.02,+0.01]"
D2 purity series,H3 indel>SNV,native | union_hc | 0.2,4,1,1,mixed (reversed in some bins),"<5%: +0.00 [-0.01,+0.00]; 5-10%: -0.17 [-0.20,-0.15]; 10-20%: +0.05 [+0.02,+0.09]; >=20%: +0.00 [-0.05,+0.04]"
D2 purity series,H3 indel>SNV,native | union_hc | 0.5,4,1,2,mixed (reversed in some bins),"<5%: -0.00 [-0.01,-0.00]; 5-10%: -0.13 [-0.16,-0.11]; 10-20%: -0.03 [-0.06,+0.00]; >=20%: +0.14 [+0.11,+0.17]"
D2 purity series,H3 indel>SNV,native | union_hc | 0.75,4,1,2,mixed (reversed in some bins),"<5%: -0.00 [-0.01,+0.00]; 5-10%: -0.10 [-0.13,-0.08]; 10-20%: -0.04 [-0.07,-0.01]; >=20%: +0.13 [+0.11,+0.16]"
D2 purity series,H3 indel>SNV,native | union_hc | 1.0,4,1,3,mixed (reversed in some bins),"<5%: -0.00 [-0.01,-0.00]; 5-10%: -0.09 [-0.11,-0.07]; 10-20%: -0.07 [-0.10,-0.04]; >=20%: +0.14 [+0.12,+0.16]"
D2 purity series,H3 indel>SNV,shared4 | truth | 0.05,1,1,0,supported (all bins),"<5%: +0.10 [+0.09,+0.10]"
D2 purity series,H3 indel>SNV,shared4 | truth | 0.1,2,2,0,supported (all bins),"<5%: +0.16 [+0.14,+0.17]; 5-10%: +0.52 [+0.48,+0.56]"
D2 purity series,H3 indel>SNV,shared4 | truth | 0.2,3,3,0,supported (all bins),"<5%: +0.12 [+0.09,+0.14]; 5-10%: +0.36 [+0.32,+0.41]; 10-20%: +0.56 [+0.49,+0.62]"
D2 purity series,H3 indel>SNV,shared4 | truth | 0.5,4,3,1,mixed (reversed in some bins),"<5%: -0.11 [-0.16,-0.06]; 5-10%: +0.06 [+0.02,+0.11]; 10-20%: +0.22 [+0.18,+0.26]; >=20%: +0.25 [+0.20,+0.30]"
D2 purity series,H3 indel>SNV,shared4 | truth | 0.75,4,2,1,mixed (reversed in some bins),"<5%: -0.13 [-0.21,-0.07]; 5-10%: +0.05 [-0.00,+0.10]; 10-20%: +0.12 [+0.09,+0.17]; >=20%: +0.20 [+0.17,+0.24]"
D2 purity series,H3 indel>SNV,shared4 | truth | 1.0,4,2,2,mixed (reversed in some bins),"<5%: -0.21 [-0.31,-0.12]; 5-10%: -0.17 [-0.23,-0.11]; 10-20%: +0.06 [+0.02,+0.10]; >=20%: +0.17 [+0.14,+0.20]"
D2 purity series,H3 indel>SNV,shared4 | union | 0.05,4,4,0,supported (all bins),"<5%: +0.10 [+0.10,+0.11]; 5-10%: +0.23 [+0.22,+0.24]; 10-20%: +0.34 [+0.32,+0.35]; >=20%: +0.11 [+0.09,+0.13]"
D2 purity series,H3 indel>SNV,shared4 | union | 0.1,4,4,0,supported (all bins),"<5%: +0.15 [+0.15,+0.16]; 5-10%: +0.33 [+0.32,+0.33]; 10-20%: +0.39 [+0.38,+0.40]; >=20%: +0.38 [+0.36,+0.39]"
D2 purity series,H3 indel>SNV,shared4 | union | 0.2,4,4,0,supported (all bins),"<5%: +0.23 [+0.22,+0.24]; 5-10%: +0.45 [+0.43,+0.47]; 10-20%: +0.43 [+0.42,+0.45]; >=20%: +0.39 [+0.38,+0.40]"
D2 purity series,H3 indel>SNV,shared4 | union | 0.5,4,4,0,supported (all bins),"<5%: +0.11 [+0.10,+0.12]; 5-10%: +0.41 [+0.38,+0.43]; 10-20%: +0.44 [+0.42,+0.46]; >=20%: +0.40 [+0.40,+0.41]"
D2 purity series,H3 indel>SNV,shared4 | union | 0.75,4,4,0,supported (all bins),"<5%: +0.03 [+0.03,+0.04]; 5-10%: +0.37 [+0.34,+0.39]; 10-20%: +0.45 [+0.43,+0.47]; >=20%: +0.42 [+0.41,+0.42]"
D2 purity series,H3 indel>SNV,shared4 | union | 1.0,4,3,0,partial,"<5%: +0.00 [-0.00,+0.01]; 5-10%: +0.19 [+0.17,+0.20]; 10-20%: +0.42 [+0.39,+0.44]; >=20%: +0.41 [+0.41,+0.42]"
D2 purity series,H3 indel>SNV,shared4 | union_hc | 0.05,4,3,0,partial,"<5%: +0.11 [+0.10,+0.11]; 5-10%: +0.17 [+0.16,+0.18]; 10-20%: +0.11 [+0.09,+0.13]; >=20%: +0.01 [-0.02,+0.04]"
D2 purity series,H3 indel>SNV,shared4 | union_hc | 0.1,4,4,0,supported (all bins),"<5%: +0.16 [+0.15,+0.16]; 5-10%: +0.37 [+0.36,+0.39]; 10-20%: +0.52 [+0.48,+0.55]; >=20%: +0.35 [+0.29,+0.41]"
D2 purity series,H3 indel>SNV,shared4 | union_hc | 0.2,4,4,0,supported (all bins),"<5%: +0.25 [+0.24,+0.26]; 5-10%: +0.51 [+0.48,+0.53]; 10-20%: +0.53 [+0.49,+0.56]; >=20%: +0.70 [+0.65,+0.74]"
D2 purity series,H3 indel>SNV,shared4 | union_hc | 0.5,4,4,0,supported (all bins),"<5%: +0.13 [+0.12,+0.14]; 5-10%: +0.46 [+0.43,+0.48]; 10-20%: +0.41 [+0.38,+0.44]; >=20%: +0.52 [+0.49,+0.55]"
D2 purity series,H3 indel>SNV,shared4 | union_hc | 0.75,4,4,0,supported (all bins),"<5%: +0.04 [+0.03,+0.05]; 5-10%: +0.43 [+0.40,+0.45]; 10-20%: +0.47 [+0.44,+0.50]; >=20%: +0.51 [+0.49,+0.53]"
D2 purity series,H3 indel>SNV,shared4 | union_hc | 1.0,4,4,0,supported (all bins),"<5%: +0.01 [+0.00,+0.01]; 5-10%: +0.24 [+0.22,+0.26]; 10-20%: +0.46 [+0.43,+0.49]; >=20%: +0.54 [+0.52,+0.56]"
D2 purity series,H4 LC>nonLC,native | truth | indel | 0.05,1,0,0,not supported,"<5%: -0.00 [-0.02,+0.01]"
D2 purity series,H4 LC>nonLC,native | truth | indel | 0.1,2,1,0,partial,"<5%: +0.02 [-0.00,+0.04]; 5-10%: +0.14 [+0.06,+0.22]"
D2 purity series,H4 LC>nonLC,native | truth | indel | 0.2,3,3,0,supported (all bins),"<5%: +0.10 [+0.04,+0.14]; 5-10%: +0.32 [+0.23,+0.38]; 10-20%: +0.45 [+0.33,+0.56]"
D2 purity series,H4 LC>nonLC,native | truth | indel | 0.5,4,4,0,supported (all bins),"<5%: +0.20 [+0.06,+0.31]; 5-10%: +0.41 [+0.29,+0.50]; 10-20%: +0.58 [+0.49,+0.66]; >=20%: +0.48 [+0.38,+0.57]"
D2 purity series,H4 LC>nonLC,native | truth | indel | 0.75,3,3,0,supported (all bins),"5-10%: +0.40 [+0.25,+0.51]; 10-20%: +0.45 [+0.35,+0.55]; >=20%: +0.46 [+0.38,+0.53]"
D2 purity series,H4 LC>nonLC,native | truth | indel | 1.0,3,3,0,supported (all bins),"5-10%: +0.28 [+0.10,+0.44]; 10-20%: +0.41 [+0.29,+0.52]; >=20%: +0.42 [+0.35,+0.48]"
D2 purity series,H4 LC>nonLC,native | truth | snv | 0.05,1,0,0,not supported,"<5%: -0.00 [-0.01,+0.00]"
D2 purity series,H4 LC>nonLC,native | truth | snv | 0.1,2,0,0,not supported,"<5%: +0.00 [-0.00,+0.00]; 5-10%: +0.01 [-0.01,+0.03]"
D2 purity series,H4 LC>nonLC,native | truth | snv | 0.2,3,2,0,partial,"<5%: +0.00 [-0.01,+0.00]; 5-10%: +0.05 [+0.03,+0.07]; 10-20%: +0.13 [+0.09,+0.17]"
D2 purity series,H4 LC>nonLC,native | truth | snv | 0.5,4,2,0,partial,"<5%: +0.00 [-0.01,+0.00]; 5-10%: +0.02 [-0.02,+0.05]; 10-20%: +0.17 [+0.13,+0.21]; >=20%: +0.16 [+0.13,+0.19]"
D2 purity series,H4 LC>nonLC,native | truth | snv | 0.75,4,2,0,partial,"<5%: +0.00 [-0.03,+0.00]; 5-10%: +0.02 [-0.01,+0.05]; 10-20%: +0.17 [+0.13,+0.22]; >=20%: +0.16 [+0.14,+0.18]"
D2 purity series,H4 LC>nonLC,native | truth | snv | 1.0,4,2,0,partial,"<5%: +0.00 [-0.07,+0.01]; 5-10%: -0.01 [-0.05,+0.02]; 10-20%: +0.15 [+0.10,+0.20]; >=20%: +0.17 [+0.15,+0.19]"
D2 purity series,H4 LC>nonLC,native | union | indel | 0.05,4,2,0,partial,"<5%: +0.00 [-0.01,+0.01]; 5-10%: +0.01 [-0.00,+0.02]; 10-20%: +0.10 [+0.08,+0.12]; >=20%: +0.26 [+0.16,+0.39]"
D2 purity series,H4 LC>nonLC,native | union | indel | 0.1,4,3,0,partial,"<5%: +0.00 [-0.01,+0.01]; 5-10%: +0.05 [+0.04,+0.06]; 10-20%: +0.19 [+0.18,+0.21]; >=20%: +0.30 [+0.27,+0.34]"
D2 purity series,H4 LC>nonLC,native | union | indel | 0.2,4,3,0,partial,"<5%: +0.00 [-0.02,+0.01]; 5-10%: +0.15 [+0.12,+0.18]; 10-20%: +0.31 [+0.29,+0.33]; >=20%: +0.38 [+0.36,+0.40]"
D2 purity series,H4 LC>nonLC,native | union | indel | 0.5,4,3,0,partial,"<5%: +0.00 [-0.01,+0.01]; 5-10%: +0.19 [+0.15,+0.23]; 10-20%: +0.46 [+0.42,+0.49]; >=20%: +0.36 [+0.35,+0.38]"
D2 purity series,H4 LC>nonLC,native | union | indel | 0.75,4,3,0,partial,"<5%: +0.00 [-0.01,+0.01]; 5-10%: +0.15 [+0.12,+0.19]; 10-20%: +0.39 [+0.36,+0.43]; >=20%: +0.36 [+0.35,+0.37]"
D2 purity series,H4 LC>nonLC,native | union | indel | 1.0,4,3,0,partial,"<5%: +0.00 [-0.00,+0.01]; 5-10%: +0.15 [+0.12,+0.19]; 10-20%: +0.39 [+0.35,+0.43]; >=20%: +0.36 [+0.34,+0.37]"
D2 purity series,H4 LC>nonLC,native | union | snv | 0.05,4,2,0,partial,"<5%: +0.00 [-0.00,+0.00]; 5-10%: +0.00 [-0.00,+0.00]; 10-20%: +0.18 [+0.17,+0.18]; >=20%: +0.09 [+0.08,+0.10]"
D2 purity series,H4 LC>nonLC,native | union | snv | 0.1,4,2,0,partial,"<5%: +0.00 [-0.00,+0.00]; 5-10%: +0.00 [-0.00,+0.00]; 10-20%: +0.32 [+0.32,+0.33]; >=20%: +0.44 [+0.43,+0.44]"
D2 purity series,H4 LC>nonLC,native | union | snv | 0.2,4,2,0,partial,"<5%: +0.00 [-0.00,+0.00]; 5-10%: -0.00 [-0.00,+0.00]; 10-20%: +0.45 [+0.44,+0.45]; >=20%: +0.53 [+0.52,+0.53]"
D2 purity series,H4 LC>nonLC,native | union | snv | 0.5,4,2,0,partial,"<5%: +0.00 [-0.00,+0.00]; 5-10%: +0.00 [-0.00,+0.00]; 10-20%: +0.54 [+0.53,+0.55]; >=20%: +0.53 [+0.52,+0.53]"
D2 purity series,H4 LC>nonLC,native | union | snv | 0.75,4,2,0,partial,"<5%: +0.00 [-0.00,+0.00]; 5-10%: +0.00 [-0.00,+0.00]; 10-20%: +0.49 [+0.48,+0.50]; >=20%: +0.53 [+0.53,+0.54]"
D2 purity series,H4 LC>nonLC,native | union | snv | 1.0,4,2,0,partial,"<5%: +0.00 [-0.00,+0.00]; 5-10%: +0.00 [-0.00,+0.00]; 10-20%: +0.44 [+0.43,+0.45]; >=20%: +0.51 [+0.51,+0.52]"
D2 purity series,H4 LC>nonLC,native | union_hc | indel | 0.05,3,1,0,partial,"<5%: +0.00 [-0.01,+0.01]; 5-10%: +0.01 [-0.01,+0.04]; 10-20%: +0.11 [+0.04,+0.26]"
D2 purity series,H4 LC>nonLC,native | union_hc | indel | 0.1,3,2,0,partial,"<5%: +0.00 [-0.01,+0.01]; 5-10%: +0.08 [+0.05,+0.11]; 10-20%: +0.25 [+0.17,+0.35]"
D2 purity series,H4 LC>nonLC,native | union_hc | indel | 0.2,4,3,0,partial,"<5%: +0.00 [-0.02,+0.01]; 5-10%: +0.21 [+0.17,+0.24]; 10-20%: +0.43 [+0.36,+0.49]; >=20%: +0.64 [+0.48,+0.77]"
D2 purity series,H4 LC>nonLC,native | union_hc | indel | 0.5,4,3,0,partial,"<5%: +0.00 [-0.01,+0.01]; 5-10%: +0.22 [+0.18,+0.27]; 10-20%: +0.52 [+0.47,+0.57]; >=20%: +0.58 [+0.53,+0.62]"
D2 purity series,H4 LC>nonLC,native | union_hc | indel | 0.75,4,3,0,partial,"<5%: +0.00 [-0.01,+0.01]; 5-10%: +0.18 [+0.14,+0.23]; 10-20%: +0.47 [+0.42,+0.52]; >=20%: +0.57 [+0.53,+0.61]"
D2 purity series,H4 LC>nonLC,native | union_hc | indel | 1.0,4,3,0,partial,"<5%: +0.00 [-0.00,+0.01]; 5-10%: +0.18 [+0.14,+0.22]; 10-20%: +0.46 [+0.41,+0.51]; >=20%: +0.55 [+0.52,+0.58]"
D2 purity series,H4 LC>nonLC,native | union_hc | snv | 0.05,4,1,0,partial,"<5%: +0.00 [-0.00,+0.00]; 5-10%: +0.00 [-0.00,+0.00]; 10-20%: +0.05 [+0.04,+0.06]; >=20%: +0.00 [-0.00,+0.00]"
D2 purity series,H4 LC>nonLC,native | union_hc | snv | 0.1,4,2,0,partial,"<5%: +0.00 [-0.00,+0.00]; 5-10%: +0.00 [-0.00,+0.00]; 10-20%: +0.29 [+0.27,+0.30]; >=20%: +0.05 [+0.04,+0.06]"
D2 purity series,H4 LC>nonLC,native | union_hc | snv | 0.2,4,2,0,partial,"<5%: +0.00 [-0.01,+0.00]; 5-10%: +0.00 [-0.00,+0.00]; 10-20%: +0.54 [+0.53,+0.55]; >=20%: +0.47 [+0.46,+0.49]"
D2 purity series,H4 LC>nonLC,native | union_hc | snv | 0.5,4,2,0,partial,"<5%: +0.00 [-0.01,+0.00]; 5-10%: +0.00 [-0.00,+0.00]; 10-20%: +0.60 [+0.59,+0.60]; >=20%: +0.76 [+0.75,+0.76]"
D2 purity series,H4 LC>nonLC,native | union_hc | snv | 0.75,4,2,0,partial,"<5%: +0.00 [-0.01,+0.00]; 5-10%: +0.00 [-0.00,+0.00]; 10-20%: +0.54 [+0.53,+0.55]; >=20%: +0.75 [+0.74,+0.75]"
D2 purity series,H4 LC>nonLC,native | union_hc | snv | 1.0,4,2,0,partial,"<5%: +0.00 [-0.01,+0.00]; 5-10%: +0.00 [-0.00,+0.00]; 10-20%: +0.49 [+0.48,+0.50]; >=20%: +0.72 [+0.71,+0.73]"
D2 purity series,H4 LC>nonLC,shared4 | truth | indel | 0.05,1,0,0,not supported,"<5%: -0.00 [-0.02,+0.01]"
D2 purity series,H4 LC>nonLC,shared4 | truth | indel | 0.1,2,1,0,partial,"<5%: +0.02 [-0.00,+0.04]; 5-10%: +0.14 [+0.06,+0.22]"
D2 purity series,H4 LC>nonLC,shared4 | truth | indel | 0.2,3,3,0,supported (all bins),"<5%: +0.10 [+0.04,+0.14]; 5-10%: +0.32 [+0.23,+0.38]; 10-20%: +0.45 [+0.33,+0.56]"
D2 purity series,H4 LC>nonLC,shared4 | truth | indel | 0.5,4,4,0,supported (all bins),"<5%: +0.20 [+0.06,+0.31]; 5-10%: +0.41 [+0.29,+0.50]; 10-20%: +0.58 [+0.49,+0.66]; >=20%: +0.48 [+0.38,+0.57]"
D2 purity series,H4 LC>nonLC,shared4 | truth | indel | 0.75,3,3,0,supported (all bins),"5-10%: +0.40 [+0.25,+0.51]; 10-20%: +0.45 [+0.35,+0.55]; >=20%: +0.46 [+0.38,+0.53]"
D2 purity series,H4 LC>nonLC,shared4 | truth | indel | 1.0,3,3,0,supported (all bins),"5-10%: +0.28 [+0.10,+0.44]; 10-20%: +0.41 [+0.29,+0.52]; >=20%: +0.42 [+0.35,+0.48]"
D2 purity series,H4 LC>nonLC,shared4 | truth | snv | 0.05,1,1,0,supported (all bins),"<5%: +0.05 [+0.04,+0.06]"
D2 purity series,H4 LC>nonLC,shared4 | truth | snv | 0.1,2,2,0,supported (all bins),"<5%: +0.11 [+0.09,+0.12]; 5-10%: +0.26 [+0.22,+0.30]"
D2 purity series,H4 LC>nonLC,shared4 | truth | snv | 0.2,3,3,0,supported (all bins),"<5%: +0.14 [+0.11,+0.16]; 5-10%: +0.35 [+0.32,+0.38]; 10-20%: +0.24 [+0.21,+0.28]"
D2 purity series,H4 LC>nonLC,shared4 | truth | snv | 0.5,4,4,0,supported (all bins),"<5%: +0.10 [+0.05,+0.14]; 5-10%: +0.24 [+0.19,+0.30]; 10-20%: +0.25 [+0.22,+0.29]; >=20%: +0.16 [+0.14,+0.19]"
D2 purity series,H4 LC>nonLC,shared4 | truth | snv | 0.75,4,3,0,partial,"<5%: +0.08 [-0.00,+0.14]; 5-10%: +0.19 [+0.13,+0.25]; 10-20%: +0.24 [+0.20,+0.28]; >=20%: +0.16 [+0.14,+0.18]"
D2 purity series,H4 LC>nonLC,shared4 | truth | snv | 1.0,4,4,0,supported (all bins),"<5%: +0.13 [+0.03,+0.16]; 5-10%: +0.09 [+0.02,+0.15]; 10-20%: +0.23 [+0.18,+0.28]; >=20%: +0.17 [+0.15,+0.19]"
D2 purity series,H4 LC>nonLC,shared4 | union | indel | 0.05,4,2,0,partial,"<5%: +0.00 [-0.01,+0.01]; 5-10%: +0.01 [-0.00,+0.02]; 10-20%: +0.10 [+0.08,+0.12]; >=20%: +0.26 [+0.16,+0.39]"
D2 purity series,H4 LC>nonLC,shared4 | union | indel | 0.1,4,3,0,partial,"<5%: +0.00 [-0.01,+0.01]; 5-10%: +0.05 [+0.04,+0.06]; 10-20%: +0.19 [+0.18,+0.21]; >=20%: +0.30 [+0.27,+0.34]"
D2 purity series,H4 LC>nonLC,shared4 | union | indel | 0.2,4,3,0,partial,"<5%: +0.00 [-0.02,+0.01]; 5-10%: +0.15 [+0.12,+0.18]; 10-20%: +0.31 [+0.29,+0.33]; >=20%: +0.38 [+0.36,+0.40]"
D2 purity series,H4 LC>nonLC,shared4 | union | indel | 0.5,4,3,0,partial,"<5%: +0.00 [-0.01,+0.01]; 5-10%: +0.19 [+0.15,+0.23]; 10-20%: +0.46 [+0.42,+0.49]; >=20%: +0.36 [+0.35,+0.38]"
D2 purity series,H4 LC>nonLC,shared4 | union | indel | 0.75,4,3,0,partial,"<5%: +0.00 [-0.01,+0.01]; 5-10%: +0.15 [+0.12,+0.19]; 10-20%: +0.39 [+0.36,+0.43]; >=20%: +0.36 [+0.35,+0.37]"
D2 purity series,H4 LC>nonLC,shared4 | union | indel | 1.0,4,3,0,partial,"<5%: +0.00 [-0.00,+0.01]; 5-10%: +0.15 [+0.12,+0.19]; 10-20%: +0.39 [+0.35,+0.43]; >=20%: +0.36 [+0.34,+0.37]"
D2 purity series,H4 LC>nonLC,shared4 | union | snv | 0.05,4,4,0,supported (all bins),"<5%: +0.11 [+0.10,+0.12]; 5-10%: +0.26 [+0.25,+0.26]; 10-20%: +0.39 [+0.38,+0.40]; >=20%: +0.33 [+0.30,+0.36]"
D2 purity series,H4 LC>nonLC,shared4 | union | snv | 0.1,4,4,0,supported (all bins),"<5%: +0.15 [+0.14,+0.16]; 5-10%: +0.36 [+0.35,+0.37]; 10-20%: +0.41 [+0.40,+0.42]; >=20%: +0.46 [+0.44,+0.48]"
D2 purity series,H4 LC>nonLC,shared4 | union | snv | 0.2,4,4,0,supported (all bins),"<5%: +0.19 [+0.17,+0.21]; 5-10%: +0.49 [+0.47,+0.51]; 10-20%: +0.47 [+0.46,+0.48]; >=20%: +0.38 [+0.37,+0.40]"
D2 purity series,H4 LC>nonLC,shared4 | union | snv | 0.5,4,4,0,supported (all bins),"<5%: +0.09 [+0.07,+0.10]; 5-10%: +0.51 [+0.49,+0.53]; 10-20%: +0.58 [+0.56,+0.60]; >=20%: +0.36 [+0.35,+0.37]"
D2 purity series,H4 LC>nonLC,shared4 | union | snv | 0.75,4,4,0,supported (all bins),"<5%: +0.03 [+0.02,+0.03]; 5-10%: +0.45 [+0.43,+0.47]; 10-20%: +0.59 [+0.57,+0.61]; >=20%: +0.36 [+0.35,+0.37]"
D2 purity series,H4 LC>nonLC,shared4 | union | snv | 1.0,4,4,0,supported (all bins),"<5%: +0.01 [+0.00,+0.01]; 5-10%: +0.27 [+0.25,+0.28]; 10-20%: +0.57 [+0.54,+0.59]; >=20%: +0.37 [+0.36,+0.38]"
D2 purity series,H4 LC>nonLC,shared4 | union_hc | indel | 0.05,3,1,0,partial,"<5%: +0.00 [-0.01,+0.01]; 5-10%: +0.01 [-0.01,+0.04]; 10-20%: +0.11 [+0.04,+0.26]"
D2 purity series,H4 LC>nonLC,shared4 | union_hc | indel | 0.1,3,2,0,partial,"<5%: +0.00 [-0.01,+0.01]; 5-10%: +0.08 [+0.05,+0.11]; 10-20%: +0.25 [+0.17,+0.35]"
D2 purity series,H4 LC>nonLC,shared4 | union_hc | indel | 0.2,4,3,0,partial,"<5%: +0.00 [-0.02,+0.01]; 5-10%: +0.21 [+0.17,+0.24]; 10-20%: +0.43 [+0.36,+0.49]; >=20%: +0.64 [+0.48,+0.77]"
D2 purity series,H4 LC>nonLC,shared4 | union_hc | indel | 0.5,4,3,0,partial,"<5%: +0.00 [-0.01,+0.01]; 5-10%: +0.22 [+0.18,+0.27]; 10-20%: +0.52 [+0.47,+0.57]; >=20%: +0.58 [+0.53,+0.62]"
D2 purity series,H4 LC>nonLC,shared4 | union_hc | indel | 0.75,4,3,0,partial,"<5%: +0.00 [-0.01,+0.01]; 5-10%: +0.18 [+0.14,+0.23]; 10-20%: +0.47 [+0.42,+0.52]; >=20%: +0.57 [+0.53,+0.61]"
D2 purity series,H4 LC>nonLC,shared4 | union_hc | indel | 1.0,4,3,0,partial,"<5%: +0.00 [-0.00,+0.01]; 5-10%: +0.18 [+0.14,+0.22]; 10-20%: +0.46 [+0.41,+0.51]; >=20%: +0.55 [+0.52,+0.58]"
D2 purity series,H4 LC>nonLC,shared4 | union_hc | snv | 0.05,4,3,0,partial,"<5%: +0.11 [+0.11,+0.12]; 5-10%: +0.26 [+0.25,+0.27]; 10-20%: +0.29 [+0.25,+0.32]; >=20%: +0.01 [-0.03,+0.10]"
D2 purity series,H4 LC>nonLC,shared4 | union_hc | snv | 0.1,4,4,0,supported (all bins),"<5%: +0.15 [+0.14,+0.16]; 5-10%: +0.47 [+0.46,+0.49]; 10-20%: +0.63 [+0.61,+0.66]; >=20%: +0.55 [+0.44,+0.63]"
D2 purity series,H4 LC>nonLC,shared4 | union_hc | snv | 0.2,4,4,0,supported (all bins),"<5%: +0.19 [+0.16,+0.21]; 5-10%: +0.55 [+0.52,+0.57]; 10-20%: +0.54 [+0.52,+0.57]; >=20%: +0.48 [+0.42,+0.54]"
D2 purity series,H4 LC>nonLC,shared4 | union_hc | snv | 0.5,4,4,0,supported (all bins),"<5%: +0.10 [+0.08,+0.12]; 5-10%: +0.56 [+0.54,+0.58]; 10-20%: +0.52 [+0.49,+0.54]; >=20%: +0.25 [+0.22,+0.28]"
D2 purity series,H4 LC>nonLC,shared4 | union_hc | snv | 0.75,4,4,0,supported (all bins),"<5%: +0.04 [+0.02,+0.04]; 5-10%: +0.52 [+0.50,+0.54]; 10-20%: +0.54 [+0.51,+0.57]; >=20%: +0.28 [+0.26,+0.30]"
D2 purity series,H4 LC>nonLC,shared4 | union_hc | snv | 1.0,4,4,0,supported (all bins),"<5%: +0.01 [+0.00,+0.01]; 5-10%: +0.33 [+0.31,+0.35]; 10-20%: +0.55 [+0.51,+0.58]; >=20%: +0.36 [+0.34,+0.38]"
D3 TCGA MC3,H3 indel>SNV,starred_counted,3,1,2,mixed (reversed in some bins),"5-10%: -0.21 [-0.22,-0.20]; 10-20%: -0.36 [-0.36,-0.35]; >=20%: +0.20 [+0.20,+0.21]"
D3 TCGA MC3,H3 indel>SNV,strict,3,2,0,partial,"5-10%: +0.00 [-0.00,+0.00]; 10-20%: +0.28 [+0.28,+0.29]; >=20%: +0.84 [+0.84,+0.84]"
D3 TCGA MC3,H4 LC>nonLC,starred_counted | indel,3,2,0,partial,"5-10%: -0.02 [-0.04,+0.01]; 10-20%: +0.21 [+0.19,+0.22]; >=20%: +0.51 [+0.50,+0.51]"
D3 TCGA MC3,H4 LC>nonLC,starred_counted | snv,4,2,0,partial,"<5%: +0.00 [-0.00,+0.00]; 5-10%: +0.00 [-0.00,+0.00]; 10-20%: +0.04 [+0.03,+0.05]; >=20%: +0.09 [+0.09,+0.10]"
D3 TCGA MC3,H4 LC>nonLC,strict | indel,3,0,0,not supported,"5-10%: +0.00 [-0.00,+0.00]; 10-20%: +0.00 [-0.00,+0.00]; >=20%: +0.00 [-0.00,+0.00]"
D3 TCGA MC3,H4 LC>nonLC,strict | snv,4,2,0,partial,"<5%: +0.00 [-0.00,+0.00]; 5-10%: +0.00 [-0.00,+0.00]; 10-20%: +0.04 [+0.03,+0.05]; >=20%: +0.09 [+0.09,+0.10]"
